,Line Name,OD340,MOPS[mM],Tricine[mM],H3BO3[mM],Glucose[mM],K2SO4[mM],K2HPO4[mM],FeSO4[mM],NH4Cl[mM],MgCl2[mM],NaCl[mM],(NH4)6Mo7O24[mM],CoCl2[mM],CuSO4[mM],MnSO4[mM],ZnSO4[mM],Kan[g/l],Condition,condition
0,C1_WA1_A3-R1,0.2076,40.0,4.0,0.019871,20.0,0.205718,2.36508,0.021243,6.375749,4.320423,21.652901,2.3e-05,0.001306,0.0001,0.0008,0.0001,0.05,C1_WA1_A3,C1_WA1_A3
1,C1_WA1_A3-R2,0.2149,40.0,4.0,0.019871,20.0,0.205718,2.36508,0.021243,6.375749,4.320423,21.652901,2.3e-05,0.001306,0.0001,0.0008,0.0001,0.05,C1_WA1_A3,C1_WA1_A3
2,C1_WA1_A3-R3,0.2124,40.0,4.0,0.019871,20.0,0.205718,2.36508,0.021243,6.375749,4.320423,21.652901,2.3e-05,0.001306,0.0001,0.0008,0.0001,0.05,C1_WA1_A3,C1_WA1_A3
3,C1_WA4_A6-R1,0.1955,40.0,4.0,0.003918,20.0,1.883663,0.799089,0.009532,8.860595,3.425574,15.010088,0.000102,0.000255,0.0001,0.0008,0.0001,0.05,C1_WA4_A6,C1_WA4_A6
4,C1_WA4_A6-R2,0.1859,40.0,4.0,0.003918,20.0,1.883663,0.799089,0.009532,8.860595,3.425574,15.010088,0.000102,0.000255,0.0001,0.0008,0.0001,0.05,C1_WA4_A6,C1_WA4_A6
5,C1_WA4_A6-R3,0.1859,40.0,4.0,0.003918,20.0,1.883663,0.799089,0.009532,8.860595,3.425574,15.010088,0.000102,0.000255,0.0001,0.0008,0.0001,0.05,C1_WA4_A6,C1_WA4_A6
6,C1_WA7_B1-R1,0.1986,40.0,4.0,0.000928,20.0,0.114704,0.749104,0.024392,8.910734,3.278069,39.314072,0.000245,0.001165,0.0001,0.0008,0.0001,0.05,C1_WA7_B1,C1_WA7_B1
7,C1_WA7_B1-R2,0.2294,40.0,4.0,0.000928,20.0,0.114704,0.749104,0.024392,8.910734,3.278069,39.314072,0.000245,0.001165,0.0001,0.0008,0.0001,0.05,C1_WA7_B1,C1_WA7_B1
8,C1_WA7_B1-R3,0.1602,40.0,4.0,0.000928,20.0,0.114704,0.749104,0.024392,8.910734,3.278069,39.314072,0.000245,0.001165,0.0001,0.0008,0.0001,0.05,C1_WA7_B1,C1_WA7_B1
9,C1_WB2_B4-R1,0.332,40.0,4.0,0.003146,20.0,0.155317,1.193659,0.007361,6.570764,2.934664,102.500341,1.4e-05,0.000228,0.0001,0.0008,0.0001,0.05,C1_WB2_B4,C1_WB2_B4
10,C1_WB2_B4-R2,0.3046,40.0,4.0,0.003146,20.0,0.155317,1.193659,0.007361,6.570764,2.934664,102.500341,1.4e-05,0.000228,0.0001,0.0008,0.0001,0.05,C1_WB2_B4,C1_WB2_B4
11,C1_WB2_B4-R3,0.3278,40.0,4.0,0.003146,20.0,0.155317,1.193659,0.007361,6.570764,2.934664,102.500341,1.4e-05,0.000228,0.0001,0.0008,0.0001,0.05,C1_WB2_B4,C1_WB2_B4
12,C1_WB5_B7-R1,0.2919,40.0,4.0,0.000661,20.0,0.072109,0.670998,0.003174,10.235412,0.328586,69.706045,2.5e-05,0.000231,0.0001,0.0008,0.0001,0.05,C1_WB5_B7,C1_WB5_B7
13,C1_WB5_B7-R2,0.2755,40.0,4.0,0.000661,20.0,0.072109,0.670998,0.003174,10.235412,0.328586,69.706045,2.5e-05,0.000231,0.0001,0.0008,0.0001,0.05,C1_WB5_B7,C1_WB5_B7
14,C1_WB5_B7-R3,0.2614,40.0,4.0,0.000661,20.0,0.072109,0.670998,0.003174,10.235412,0.328586,69.706045,2.5e-05,0.000231,0.0001,0.0008,0.0001,0.05,C1_WB5_B7,C1_WB5_B7
15,C1_WB8_C2-R2,0.6137,40.0,4.0,0.002896,20.0,2.694506,2.705554,0.004145,10.05364,0.203426,392.187867,2.1e-05,0.000674,0.0001,0.0008,0.0001,0.05,C1_WB8_C2,C1_WB8_C2
16,C1_WB8_C2-R3,0.5906,40.0,4.0,0.002896,20.0,2.694506,2.705554,0.004145,10.05364,0.203426,392.187867,2.1e-05,0.000674,0.0001,0.0008,0.0001,0.05,C1_WB8_C2,C1_WB8_C2
17,C1_WC3_C5-R1,0.2658,40.0,4.0,0.003569,20.0,0.134996,5.140924,0.099996,13.04173,0.137271,13.077057,6.3e-05,0.000118,0.0001,0.0008,0.0001,0.05,C1_WC3_C5,C1_WC3_C5
18,C1_WC3_C5-R2,0.2692,40.0,4.0,0.003569,20.0,0.134996,5.140924,0.099996,13.04173,0.137271,13.077057,6.3e-05,0.000118,0.0001,0.0008,0.0001,0.05,C1_WC3_C5,C1_WC3_C5
19,C1_WC3_C5-R3,0.267,40.0,4.0,0.003569,20.0,0.134996,5.140924,0.099996,13.04173,0.137271,13.077057,6.3e-05,0.000118,0.0001,0.0008,0.0001,0.05,C1_WC3_C5,C1_WC3_C5
20,C1_WC6_C8-R1,0.3092,40.0,4.0,0.002498,20.0,0.478785,5.697716,0.005074,12.572632,2.474319,34.381185,0.000199,0.000266,0.0001,0.0008,0.0001,0.05,C1_WC6_C8,C1_WC6_C8
21,C1_WC6_C8-R2,0.3356,40.0,4.0,0.002498,20.0,0.478785,5.697716,0.005074,12.572632,2.474319,34.381185,0.000199,0.000266,0.0001,0.0008,0.0001,0.05,C1_WC6_C8,C1_WC6_C8
22,C1_WC6_C8-R3,0.3509,40.0,4.0,0.002498,20.0,0.478785,5.697716,0.005074,12.572632,2.474319,34.381185,0.000199,0.000266,0.0001,0.0008,0.0001,0.05,C1_WC6_C8,C1_WC6_C8
23,C1_WD1_D3-R1,0.2837,40.0,4.0,0.030307,20.0,0.246921,0.344224,0.044398,8.052032,2.115414,373.15833,0.000298,0.001822,0.0001,0.0008,0.0001,0.05,C1_WD1_D3,C1_WD1_D3
24,C1_WD1_D3-R2,0.2538,40.0,4.0,0.030307,20.0,0.246921,0.344224,0.044398,8.052032,2.115414,373.15833,0.000298,0.001822,0.0001,0.0008,0.0001,0.05,C1_WD1_D3,C1_WD1_D3
25,C1_WD1_D3-R3,0.2635,40.0,4.0,0.030307,20.0,0.246921,0.344224,0.044398,8.052032,2.115414,373.15833,0.000298,0.001822,0.0001,0.0008,0.0001,0.05,C1_WD1_D3,C1_WD1_D3
26,C1_WD4_D6-R1,0.4791,40.0,4.0,0.003307,20.0,0.220806,1.373433,0.002769,7.072113,0.162127,474.641165,2.9e-05,0.000468,0.0001,0.0008,0.0001,0.05,C1_WD4_D6,C1_WD4_D6
27,C1_WD4_D6-R2,0.4794,40.0,4.0,0.003307,20.0,0.220806,1.373433,0.002769,7.072113,0.162127,474.641165,2.9e-05,0.000468,0.0001,0.0008,0.0001,0.05,C1_WD4_D6,C1_WD4_D6
28,C1_WD4_D6-R3,0.5003,40.0,4.0,0.003307,20.0,0.220806,1.373433,0.002769,7.072113,0.162127,474.641165,2.9e-05,0.000468,0.0001,0.0008,0.0001,0.05,C1_WD4_D6,C1_WD4_D6
29,C1_WD7_E1-R1,0.5691,40.0,4.0,0.001665,20.0,0.388632,4.190736,0.061205,10.698388,0.286551,304.495309,0.000247,0.002235,0.0001,0.0008,0.0001,0.05,C1_WD7_E1,C1_WD7_E1
30,C1_WD7_E1-R2,0.5769,40.0,4.0,0.001665,20.0,0.388632,4.190736,0.061205,10.698388,0.286551,304.495309,0.000247,0.002235,0.0001,0.0008,0.0001,0.05,C1_WD7_E1,C1_WD7_E1
31,C1_WD7_E1-R3,0.6086,40.0,4.0,0.001665,20.0,0.388632,4.190736,0.061205,10.698388,0.286551,304.495309,0.000247,0.002235,0.0001,0.0008,0.0001,0.05,C1_WD7_E1,C1_WD7_E1
32,C1_WE2_E4-R1,0.2502,40.0,4.0,0.039823,20.0,2.762379,6.488607,0.005635,9.196312,1.635182,9.08179,1.2e-05,0.000286,0.0001,0.0008,0.0001,0.05,C1_WE2_E4,C1_WE2_E4
33,C1_WE2_E4-R2,0.255,40.0,4.0,0.039823,20.0,2.762379,6.488607,0.005635,9.196312,1.635182,9.08179,1.2e-05,0.000286,0.0001,0.0008,0.0001,0.05,C1_WE2_E4,C1_WE2_E4
34,C1_WE2_E4-R3,0.2387,40.0,4.0,0.039823,20.0,2.762379,6.488607,0.005635,9.196312,1.635182,9.08179,1.2e-05,0.000286,0.0001,0.0008,0.0001,0.05,C1_WE2_E4,C1_WE2_E4
35,C1_WE5_E7-R1,0.3692,40.0,4.0,0.035122,20.0,0.998672,5.423431,0.06906,7.219062,1.854023,201.586871,3e-06,0.001693,0.0001,0.0008,0.0001,0.05,C1_WE5_E7,C1_WE5_E7
36,C1_WE5_E7-R2,0.4037,40.0,4.0,0.035122,20.0,0.998672,5.423431,0.06906,7.219062,1.854023,201.586871,3e-06,0.001693,0.0001,0.0008,0.0001,0.05,C1_WE5_E7,C1_WE5_E7
37,C1_WE5_E7-R3,0.3799,40.0,4.0,0.035122,20.0,0.998672,5.423431,0.06906,7.219062,1.854023,201.586871,3e-06,0.001693,0.0001,0.0008,0.0001,0.05,C1_WE5_E7,C1_WE5_E7
38,C1_WE8_F2-R1,0.1802,40.0,4.0,0.001944,20.0,1.172598,0.455551,0.008633,7.911045,5.109907,43.314029,4.5e-05,0.00231,0.0001,0.0008,0.0001,0.05,C1_WE8_F2,C1_WE8_F2
39,C1_WE8_F2-R2,0.1926,40.0,4.0,0.001944,20.0,1.172598,0.455551,0.008633,7.911045,5.109907,43.314029,4.5e-05,0.00231,0.0001,0.0008,0.0001,0.05,C1_WE8_F2,C1_WE8_F2
40,C1_WE8_F2-R3,0.181,40.0,4.0,0.001944,20.0,1.172598,0.455551,0.008633,7.911045,5.109907,43.314029,4.5e-05,0.00231,0.0001,0.0008,0.0001,0.05,C1_WE8_F2,C1_WE8_F2
41,C1_WF3_F5-R1,0.3924,40.0,4.0,0.009826,20.0,0.127493,0.542649,0.092583,12.14066,0.392871,284.78099,0.000138,0.000155,0.0001,0.0008,0.0001,0.05,C1_WF3_F5,C1_WF3_F5
42,C1_WF3_F5-R2,0.3494,40.0,4.0,0.009826,20.0,0.127493,0.542649,0.092583,12.14066,0.392871,284.78099,0.000138,0.000155,0.0001,0.0008,0.0001,0.05,C1_WF3_F5,C1_WF3_F5
43,C1_WF3_F5-R3,0.3392,40.0,4.0,0.009826,20.0,0.127493,0.542649,0.092583,12.14066,0.392871,284.78099,0.000138,0.000155,0.0001,0.0008,0.0001,0.05,C1_WF3_F5,C1_WF3_F5
44,C1_WF6_F8-R1,0.2973,40.0,4.0,0.003902,20.0,0.317207,1.312346,0.009853,9.731379,0.548221,54.873776,2.7e-05,0.000272,0.0001,0.0008,0.0001,0.05,C1_WF6_F8,C1_WF6_F8
45,C1_WF6_F8-R2,0.2982,40.0,4.0,0.003902,20.0,0.317207,1.312346,0.009853,9.731379,0.548221,54.873776,2.7e-05,0.000272,0.0001,0.0008,0.0001,0.05,C1_WF6_F8,C1_WF6_F8
46,C1_WF6_F8-R3,0.2978,40.0,4.0,0.003902,20.0,0.317207,1.312346,0.009853,9.731379,0.548221,54.873776,2.7e-05,0.000272,0.0001,0.0008,0.0001,0.05,C1_WF6_F8,C1_WF6_F8
47,C2.1_WA1_A3-R1,0.2099,40.0,4.0,0.036568,20.0,1.38806,1.010494,0.010567,13.87702,0.762363,44.602736,1.3e-05,0.000185,0.0001,0.0008,0.0001,0.05,C2.1_WA1_A3,C2.1_WA1_A3
48,C2.1_WA1_A3-R2,0.2267,40.0,4.0,0.036568,20.0,1.38806,1.010494,0.010567,13.87702,0.762363,44.602736,1.3e-05,0.000185,0.0001,0.0008,0.0001,0.05,C2.1_WA1_A3,C2.1_WA1_A3
49,C2.1_WA1_A3-R3,0.2334,40.0,4.0,0.036568,20.0,1.38806,1.010494,0.010567,13.87702,0.762363,44.602736,1.3e-05,0.000185,0.0001,0.0008,0.0001,0.05,C2.1_WA1_A3,C2.1_WA1_A3
50,C2.1_WA4_A6-R1,0.4625,40.0,4.0,0.004091,20.0,0.285941,1.114373,0.072114,8.571532,0.08034,334.835565,0.000276,6.5e-05,0.0001,0.0008,0.0001,0.05,C2.1_WA4_A6,C2.1_WA4_A6
51,C2.1_WA4_A6-R2,0.5259,40.0,4.0,0.004091,20.0,0.285941,1.114373,0.072114,8.571532,0.08034,334.835565,0.000276,6.5e-05,0.0001,0.0008,0.0001,0.05,C2.1_WA4_A6,C2.1_WA4_A6
52,C2.1_WA4_A6-R3,0.5059,40.0,4.0,0.004091,20.0,0.285941,1.114373,0.072114,8.571532,0.08034,334.835565,0.000276,6.5e-05,0.0001,0.0008,0.0001,0.05,C2.1_WA4_A6,C2.1_WA4_A6
53,C2.1_WA7_B1-R2,0.2218,40.0,4.0,0.002757,20.0,0.037187,0.568853,0.006261,11.635449,3.925519,29.412474,7e-06,0.002681,0.0001,0.0008,0.0001,0.05,C2.1_WA7_B1,C2.1_WA7_B1
54,C2.1_WA7_B1-R3,0.1616,40.0,4.0,0.002757,20.0,0.037187,0.568853,0.006261,11.635449,3.925519,29.412474,7e-06,0.002681,0.0001,0.0008,0.0001,0.05,C2.1_WA7_B1,C2.1_WA7_B1
55,C2.1_WB2_B4-R1,0.333,40.0,4.0,0.032674,20.0,0.728092,4.631595,0.003782,14.137994,0.256453,28.626215,1e-05,8.5e-05,0.0001,0.0008,0.0001,0.05,C2.1_WB2_B4,C2.1_WB2_B4
56,C2.1_WB2_B4-R2,0.3038,40.0,4.0,0.032674,20.0,0.728092,4.631595,0.003782,14.137994,0.256453,28.626215,1e-05,8.5e-05,0.0001,0.0008,0.0001,0.05,C2.1_WB2_B4,C2.1_WB2_B4
57,C2.1_WB2_B4-R3,0.2971,40.0,4.0,0.032674,20.0,0.728092,4.631595,0.003782,14.137994,0.256453,28.626215,1e-05,8.5e-05,0.0001,0.0008,0.0001,0.05,C2.1_WB2_B4,C2.1_WB2_B4
58,C2.1_WB5_B7-R1,0.5057,40.0,4.0,0.022738,20.0,0.265485,0.82967,0.008942,10.869627,0.942635,436.856031,6.8e-05,0.00207,0.0001,0.0008,0.0001,0.05,C2.1_WB5_B7,C2.1_WB5_B7
59,C2.1_WB5_B7-R2,0.5079,40.0,4.0,0.022738,20.0,0.265485,0.82967,0.008942,10.869627,0.942635,436.856031,6.8e-05,0.00207,0.0001,0.0008,0.0001,0.05,C2.1_WB5_B7,C2.1_WB5_B7
60,C2.1_WB5_B7-R3,0.5145,40.0,4.0,0.022738,20.0,0.265485,0.82967,0.008942,10.869627,0.942635,436.856031,6.8e-05,0.00207,0.0001,0.0008,0.0001,0.05,C2.1_WB5_B7,C2.1_WB5_B7
61,C2.1_WB8_C2-R2,0.563,40.0,4.0,0.027822,20.0,0.191012,3.731013,0.05201,12.821188,0.39668,461.365478,0.000151,0.001555,0.0001,0.0008,0.0001,0.05,C2.1_WB8_C2,C2.1_WB8_C2
62,C2.1_WB8_C2-R3,0.5826,40.0,4.0,0.027822,20.0,0.191012,3.731013,0.05201,12.821188,0.39668,461.365478,0.000151,0.001555,0.0001,0.0008,0.0001,0.05,C2.1_WB8_C2,C2.1_WB8_C2
63,C2.1_WC3_C5-R1,0.4308,40.0,4.0,0.011578,20.0,0.177163,1.834603,0.086358,11.758068,0.449543,199.775436,2.7e-05,3.3e-05,0.0001,0.0008,0.0001,0.05,C2.1_WC3_C5,C2.1_WC3_C5
64,C2.1_WC3_C5-R2,0.3685,40.0,4.0,0.011578,20.0,0.177163,1.834603,0.086358,11.758068,0.449543,199.775436,2.7e-05,3.3e-05,0.0001,0.0008,0.0001,0.05,C2.1_WC3_C5,C2.1_WC3_C5
65,C2.1_WC3_C5-R3,0.3863,40.0,4.0,0.011578,20.0,0.177163,1.834603,0.086358,11.758068,0.449543,199.775436,2.7e-05,3.3e-05,0.0001,0.0008,0.0001,0.05,C2.1_WC3_C5,C2.1_WC3_C5
66,C2.1_WC6_C8-R1,0.3624,40.0,4.0,0.006689,20.0,2.358695,1.30699,0.008025,9.467514,0.344166,153.566409,2.3e-05,0.000535,0.0001,0.0008,0.0001,0.05,C2.1_WC6_C8,C2.1_WC6_C8
67,C2.1_WC6_C8-R2,0.3826,40.0,4.0,0.006689,20.0,2.358695,1.30699,0.008025,9.467514,0.344166,153.566409,2.3e-05,0.000535,0.0001,0.0008,0.0001,0.05,C2.1_WC6_C8,C2.1_WC6_C8
68,C2.1_WC6_C8-R3,0.3809,40.0,4.0,0.006689,20.0,2.358695,1.30699,0.008025,9.467514,0.344166,153.566409,2.3e-05,0.000535,0.0001,0.0008,0.0001,0.05,C2.1_WC6_C8,C2.1_WC6_C8
69,C2.1_WD1_D3-R1,0.232,40.0,4.0,0.001434,20.0,0.089205,6.047767,0.039952,7.577229,4.715166,47.895483,6e-06,0.00263,0.0001,0.0008,0.0001,0.05,C2.1_WD1_D3,C2.1_WD1_D3
70,C2.1_WD1_D3-R2,0.235,40.0,4.0,0.001434,20.0,0.089205,6.047767,0.039952,7.577229,4.715166,47.895483,6e-06,0.00263,0.0001,0.0008,0.0001,0.05,C2.1_WD1_D3,C2.1_WD1_D3
71,C2.1_WD1_D3-R3,0.2305,40.0,4.0,0.001434,20.0,0.089205,6.047767,0.039952,7.577229,4.715166,47.895483,6e-06,0.00263,0.0001,0.0008,0.0001,0.05,C2.1_WD1_D3,C2.1_WD1_D3
72,C2.1_WD4_D6-R1,0.1977,40.0,4.0,0.002166,20.0,2.410881,3.296974,0.001977,7.661746,1.344683,17.89684,1.9e-05,0.002993,0.0001,0.0008,0.0001,0.05,C2.1_WD4_D6,C2.1_WD4_D6
73,C2.1_WD4_D6-R2,0.209,40.0,4.0,0.002166,20.0,2.410881,3.296974,0.001977,7.661746,1.344683,17.89684,1.9e-05,0.002993,0.0001,0.0008,0.0001,0.05,C2.1_WD4_D6,C2.1_WD4_D6
74,C2.1_WD4_D6-R3,0.2171,40.0,4.0,0.002166,20.0,2.410881,3.296974,0.001977,7.661746,1.344683,17.89684,1.9e-05,0.002993,0.0001,0.0008,0.0001,0.05,C2.1_WD4_D6,C2.1_WD4_D6
75,C2.1_WD7_E1-R1,0.2123,40.0,4.0,0.023218,20.0,1.833869,4.043351,0.048299,6.919004,0.113379,6.267644,9.3e-05,0.00094,0.0001,0.0008,0.0001,0.05,C2.1_WD7_E1,C2.1_WD7_E1
76,C2.1_WD7_E1-R2,0.2296,40.0,4.0,0.023218,20.0,1.833869,4.043351,0.048299,6.919004,0.113379,6.267644,9.3e-05,0.00094,0.0001,0.0008,0.0001,0.05,C2.1_WD7_E1,C2.1_WD7_E1
77,C2.1_WD7_E1-R3,0.2258,40.0,4.0,0.023218,20.0,1.833869,4.043351,0.048299,6.919004,0.113379,6.267644,9.3e-05,0.00094,0.0001,0.0008,0.0001,0.05,C2.1_WD7_E1,C2.1_WD7_E1
78,C2.1_WE2_E4-R1,0.2389,40.0,4.0,0.016874,20.0,0.857309,1.047441,0.001424,11.39946,0.460671,24.761139,0.000163,0.000206,0.0001,0.0008,0.0001,0.05,C2.1_WE2_E4,C2.1_WE2_E4
79,C2.1_WE2_E4-R2,0.3523,40.0,4.0,0.016874,20.0,0.857309,1.047441,0.001424,11.39946,0.460671,24.761139,0.000163,0.000206,0.0001,0.0008,0.0001,0.05,C2.1_WE2_E4,C2.1_WE2_E4
80,C2.1_WE2_E4-R3,0.3565,40.0,4.0,0.016874,20.0,0.857309,1.047441,0.001424,11.39946,0.460671,24.761139,0.000163,0.000206,0.0001,0.0008,0.0001,0.05,C2.1_WE2_E4,C2.1_WE2_E4
81,C2.1_WE5_E7-R1,0.2015,40.0,4.0,0.000541,20.0,0.059159,0.958734,0.078792,8.342812,0.223877,37.097691,0.000175,0.00017,0.0001,0.0008,0.0001,0.05,C2.1_WE5_E7,C2.1_WE5_E7
82,C2.1_WE5_E7-R2,0.1798,40.0,4.0,0.000541,20.0,0.059159,0.958734,0.078792,8.342812,0.223877,37.097691,0.000175,0.00017,0.0001,0.0008,0.0001,0.05,C2.1_WE5_E7,C2.1_WE5_E7
83,C2.1_WE5_E7-R3,0.2239,40.0,4.0,0.000541,20.0,0.059159,0.958734,0.078792,8.342812,0.223877,37.097691,0.000175,0.00017,0.0001,0.0008,0.0001,0.05,C2.1_WE5_E7,C2.1_WE5_E7
84,C2.1_WE8_F2-R1,0.1379,40.0,4.0,0.014423,20.0,2.144712,0.277507,0.00658,9.744104,4.010952,123.800176,1.6e-05,6.8e-05,0.0001,0.0008,0.0001,0.05,C2.1_WE8_F2,C2.1_WE8_F2
85,C2.1_WE8_F2-R2,0.1209,40.0,4.0,0.014423,20.0,2.144712,0.277507,0.00658,9.744104,4.010952,123.800176,1.6e-05,6.8e-05,0.0001,0.0008,0.0001,0.05,C2.1_WE8_F2,C2.1_WE8_F2
86,C2.1_WE8_F2-R3,0.1227,40.0,4.0,0.014423,20.0,2.144712,0.277507,0.00658,9.744104,4.010952,123.800176,1.6e-05,6.8e-05,0.0001,0.0008,0.0001,0.05,C2.1_WE8_F2,C2.1_WE8_F2
87,C2.1_WF3_F5-R1,0.4687,40.0,4.0,0.001315,20.0,1.641906,2.76205,0.031787,13.428046,0.516091,251.160635,0.000222,0.000123,0.0001,0.0008,0.0001,0.05,C2.1_WF3_F5,C2.1_WF3_F5
88,C2.1_WF3_F5-R2,0.456,40.0,4.0,0.001315,20.0,1.641906,2.76205,0.031787,13.428046,0.516091,251.160635,0.000222,0.000123,0.0001,0.0008,0.0001,0.05,C2.1_WF3_F5,C2.1_WF3_F5
89,C2.1_WF3_F5-R3,0.4596,40.0,4.0,0.001315,20.0,1.641906,2.76205,0.031787,13.428046,0.516091,251.160635,0.000222,0.000123,0.0001,0.0008,0.0001,0.05,C2.1_WF3_F5,C2.1_WF3_F5
90,C2.1_WF6_F8-R1,0.2537,40.0,4.0,0.00435,20.0,0.316635,1.373984,0.009343,9.152222,0.515452,52.58102,3.1e-05,0.000325,0.0001,0.0008,0.0001,0.05,C2.1_WF6_F8,C2.1_WF6_F8
91,C2.1_WF6_F8-R3,0.2794,40.0,4.0,0.00435,20.0,0.316635,1.373984,0.009343,9.152222,0.515452,52.58102,3.1e-05,0.000325,0.0001,0.0008,0.0001,0.05,C2.1_WF6_F8,C2.1_WF6_F8
92,C3.1_WA1_C1-R1,0.5093,40.0,4.0,0.002768,20.0,0.29569,11.653411,0.01511,13.297119,0.451467,427.961444,2.8e-05,0.003668,0.004136,0.012464,0.001219,0.05,C3.1_WA1_C1,C3.1_WA1_C1
93,C3.1_WA1_C1-R2,0.4785,40.0,4.0,0.002768,20.0,0.29569,11.653411,0.01511,13.297119,0.451467,427.961444,2.8e-05,0.003668,0.004136,0.012464,0.001219,0.05,C3.1_WA1_C1,C3.1_WA1_C1
94,C3.1_WA1_C1-R3,0.4685,40.0,4.0,0.002768,20.0,0.29569,11.653411,0.01511,13.297119,0.451467,427.961444,2.8e-05,0.003668,0.004136,0.012464,0.001219,0.05,C3.1_WA1_C1,C3.1_WA1_C1
95,C3.1_WA2_C2-R1,0.4547,40.0,4.0,0.000592,20.0,0.231622,11.606334,0.002167,13.520238,0.474551,378.398033,0.000531,0.005309,0.003655,0.009306,0.00041,0.05,C3.1_WA2_C2,C3.1_WA2_C2
96,C3.1_WA2_C2-R2,0.4378,40.0,4.0,0.000592,20.0,0.231622,11.606334,0.002167,13.520238,0.474551,378.398033,0.000531,0.005309,0.003655,0.009306,0.00041,0.05,C3.1_WA2_C2,C3.1_WA2_C2
97,C3.1_WA2_C2-R3,0.4529,40.0,4.0,0.000592,20.0,0.231622,11.606334,0.002167,13.520238,0.474551,378.398033,0.000531,0.005309,0.003655,0.009306,0.00041,0.05,C3.1_WA2_C2,C3.1_WA2_C2
98,C3.1_WA3_C3-R1,0.4577,40.0,4.0,0.011245,20.0,0.383651,11.84289,0.0039,16.703398,0.336866,394.461806,0.000363,0.005283,0.004518,0.007648,0.000155,0.05,C3.1_WA3_C3,C3.1_WA3_C3
99,C3.1_WA3_C3-R2,0.436,40.0,4.0,0.011245,20.0,0.383651,11.84289,0.0039,16.703398,0.336866,394.461806,0.000363,0.005283,0.004518,0.007648,0.000155,0.05,C3.1_WA3_C3,C3.1_WA3_C3
100,C3.1_WA3_C3-R3,0.4571,40.0,4.0,0.011245,20.0,0.383651,11.84289,0.0039,16.703398,0.336866,394.461806,0.000363,0.005283,0.004518,0.007648,0.000155,0.05,C3.1_WA3_C3,C3.1_WA3_C3
101,C3.1_WA4_C4-R1,0.455,40.0,4.0,0.020379,20.0,0.401176,9.667337,0.001828,17.325292,0.190489,392.402862,3e-05,0.004229,0.002831,0.005243,0.000487,0.05,C3.1_WA4_C4,C3.1_WA4_C4
102,C3.1_WA4_C4-R2,0.4628,40.0,4.0,0.020379,20.0,0.401176,9.667337,0.001828,17.325292,0.190489,392.402862,3e-05,0.004229,0.002831,0.005243,0.000487,0.05,C3.1_WA4_C4,C3.1_WA4_C4
103,C3.1_WA4_C4-R3,0.4836,40.0,4.0,0.020379,20.0,0.401176,9.667337,0.001828,17.325292,0.190489,392.402862,3e-05,0.004229,0.002831,0.005243,0.000487,0.05,C3.1_WA4_C4,C3.1_WA4_C4
104,C3.1_WA5_C5-R1,0.4129,40.0,4.0,0.013112,20.0,0.683223,2.519443,0.038904,11.461054,0.473881,357.594336,2.3e-05,0.000598,0.003273,0.004395,0.000531,0.05,C3.1_WA5_C5,C3.1_WA5_C5
105,C3.1_WA5_C5-R2,0.5492,40.0,4.0,0.013112,20.0,0.683223,2.519443,0.038904,11.461054,0.473881,357.594336,2.3e-05,0.000598,0.003273,0.004395,0.000531,0.05,C3.1_WA5_C5,C3.1_WA5_C5
106,C3.1_WA6_C6-R1,0.4325,40.0,4.0,0.01178,20.0,0.484447,2.013603,0.046438,12.007063,0.445981,358.139522,3.9e-05,0.001002,0.002718,0.002788,0.001486,0.05,C3.1_WA6_C6,C3.1_WA6_C6
107,C3.1_WA6_C6-R2,0.5383,40.0,4.0,0.01178,20.0,0.484447,2.013603,0.046438,12.007063,0.445981,358.139522,3.9e-05,0.001002,0.002718,0.002788,0.001486,0.05,C3.1_WA6_C6,C3.1_WA6_C6
108,C3.1_WA6_C6-R3,0.4512,40.0,4.0,0.01178,20.0,0.484447,2.013603,0.046438,12.007063,0.445981,358.139522,3.9e-05,0.001002,0.002718,0.002788,0.001486,0.05,C3.1_WA6_C6,C3.1_WA6_C6
109,C3.1_WA7_C7-R1,0.4275,40.0,4.0,0.010452,20.0,0.682172,2.590805,0.034952,11.332043,0.470517,378.769046,2.4e-05,0.001005,0.00391,0.008488,0.001546,0.05,C3.1_WA7_C7,C3.1_WA7_C7
110,C3.1_WA7_C7-R2,0.5566,40.0,4.0,0.010452,20.0,0.682172,2.590805,0.034952,11.332043,0.470517,378.769046,2.4e-05,0.001005,0.00391,0.008488,0.001546,0.05,C3.1_WA7_C7,C3.1_WA7_C7
111,C3.1_WA7_C7-R3,0.586,40.0,4.0,0.010452,20.0,0.682172,2.590805,0.034952,11.332043,0.470517,378.769046,2.4e-05,0.001005,0.00391,0.008488,0.001546,0.05,C3.1_WA7_C7,C3.1_WA7_C7
112,C3.1_WA8_C8-R1,0.4518,40.0,4.0,0.011408,20.0,0.724763,3.111455,0.050026,11.646532,0.449883,313.438848,2.8e-05,0.000923,0.005971,0.003014,0.001872,0.05,C3.1_WA8_C8,C3.1_WA8_C8
113,C3.1_WA8_C8-R2,0.4377,40.0,4.0,0.011408,20.0,0.724763,3.111455,0.050026,11.646532,0.449883,313.438848,2.8e-05,0.000923,0.005971,0.003014,0.001872,0.05,C3.1_WA8_C8,C3.1_WA8_C8
114,C3.1_WA8_C8-R3,0.4634,40.0,4.0,0.011408,20.0,0.724763,3.111455,0.050026,11.646532,0.449883,313.438848,2.8e-05,0.000923,0.005971,0.003014,0.001872,0.05,C3.1_WA8_C8,C3.1_WA8_C8
115,C3.1_WD1_F1-R1,0.4412,40.0,4.0,0.002039,20.0,0.306612,11.755484,0.013897,13.529082,0.460584,517.597679,4.3e-05,0.004579,0.002872,0.012345,0.001194,0.05,C3.1_WD1_F1,C3.1_WD1_F1
116,C3.1_WD1_F1-R2,0.4584,40.0,4.0,0.002039,20.0,0.306612,11.755484,0.013897,13.529082,0.460584,517.597679,4.3e-05,0.004579,0.002872,0.012345,0.001194,0.05,C3.1_WD1_F1,C3.1_WD1_F1
117,C3.1_WD1_F1-R3,0.4581,40.0,4.0,0.002039,20.0,0.306612,11.755484,0.013897,13.529082,0.460584,517.597679,4.3e-05,0.004579,0.002872,0.012345,0.001194,0.05,C3.1_WD1_F1,C3.1_WD1_F1
118,C3.1_WD2_F2-R1,0.4278,40.0,4.0,0.011245,20.0,0.383651,11.84289,0.0039,16.703398,0.336866,394.461806,0.000535,0.005284,0.004519,0.007648,0.000159,0.05,C3.1_WD2_F2,C3.1_WD2_F2
119,C3.1_WD2_F2-R2,0.4591,40.0,4.0,0.011245,20.0,0.383651,11.84289,0.0039,16.703398,0.336866,394.461806,0.000535,0.005284,0.004519,0.007648,0.000159,0.05,C3.1_WD2_F2,C3.1_WD2_F2
120,C3.1_WD2_F2-R3,0.4626,40.0,4.0,0.011245,20.0,0.383651,11.84289,0.0039,16.703398,0.336866,394.461806,0.000535,0.005284,0.004519,0.007648,0.000159,0.05,C3.1_WD2_F2,C3.1_WD2_F2
121,C3.1_WD3_F3-R1,0.4338,40.0,4.0,0.011246,20.0,0.38365,11.84289,0.003892,16.703398,0.336866,394.461806,0.000361,0.005282,0.004517,0.006113,0.000138,0.05,C3.1_WD3_F3,C3.1_WD3_F3
122,C3.1_WD3_F3-R2,0.4583,40.0,4.0,0.011246,20.0,0.38365,11.84289,0.003892,16.703398,0.336866,394.461806,0.000361,0.005282,0.004517,0.006113,0.000138,0.05,C3.1_WD3_F3,C3.1_WD3_F3
123,C3.1_WD3_F3-R3,0.4677,40.0,4.0,0.011246,20.0,0.38365,11.84289,0.003892,16.703398,0.336866,394.461806,0.000361,0.005282,0.004517,0.006113,0.000138,0.05,C3.1_WD3_F3,C3.1_WD3_F3
124,C3.1_WD4_F4-R1,0.508,40.0,4.0,0.012211,20.0,0.908271,2.963284,0.03781,10.605157,0.489014,356.912931,4.5e-05,0.00079,0.002844,0.012312,0.000257,0.05,C3.1_WD4_F4,C3.1_WD4_F4
125,C3.1_WD4_F4-R2,0.4213,40.0,4.0,0.012211,20.0,0.908271,2.963284,0.03781,10.605157,0.489014,356.912931,4.5e-05,0.00079,0.002844,0.012312,0.000257,0.05,C3.1_WD4_F4,C3.1_WD4_F4
126,C3.1_WD4_F4-R3,0.4187,40.0,4.0,0.012211,20.0,0.908271,2.963284,0.03781,10.605157,0.489014,356.912931,4.5e-05,0.00079,0.002844,0.012312,0.000257,0.05,C3.1_WD4_F4,C3.1_WD4_F4
127,C3.1_WD5_F5-R1,0.53,40.0,4.0,0.013211,20.0,0.681831,2.611117,0.038911,11.845338,0.475419,357.591427,2.8e-05,0.000645,0.003254,0.004387,0.000543,0.05,C3.1_WD5_F5,C3.1_WD5_F5
128,C3.1_WD5_F5-R2,0.5492,40.0,4.0,0.013211,20.0,0.681831,2.611117,0.038911,11.845338,0.475419,357.591427,2.8e-05,0.000645,0.003254,0.004387,0.000543,0.05,C3.1_WD5_F5,C3.1_WD5_F5
129,C3.1_WD5_F5-R3,0.45,40.0,4.0,0.013211,20.0,0.681831,2.611117,0.038911,11.845338,0.475419,357.591427,2.8e-05,0.000645,0.003254,0.004387,0.000543,0.05,C3.1_WD5_F5,C3.1_WD5_F5
130,C3.1_WD6_F6-R1,0.5099,40.0,4.0,0.011976,20.0,0.710597,2.655052,0.048063,11.081762,0.457352,403.495641,3.8e-05,0.000424,0.000995,0.013831,0.00017,0.05,C3.1_WD6_F6,C3.1_WD6_F6
131,C3.1_WD6_F6-R2,0.5472,40.0,4.0,0.011976,20.0,0.710597,2.655052,0.048063,11.081762,0.457352,403.495641,3.8e-05,0.000424,0.000995,0.013831,0.00017,0.05,C3.1_WD6_F6,C3.1_WD6_F6
132,C3.1_WD6_F6-R3,0.4132,40.0,4.0,0.011976,20.0,0.710597,2.655052,0.048063,11.081762,0.457352,403.495641,3.8e-05,0.000424,0.000995,0.013831,0.00017,0.05,C3.1_WD6_F6,C3.1_WD6_F6
133,C3.1_WD7_F7-R1,0.4094,40.0,4.0,0.012305,20.0,0.795866,2.123382,0.049167,10.839289,0.510871,386.600976,2.2e-05,0.000946,0.001125,0.013717,0.001156,0.05,C3.1_WD7_F7,C3.1_WD7_F7
134,C3.1_WD7_F7-R2,0.5667,40.0,4.0,0.012305,20.0,0.795866,2.123382,0.049167,10.839289,0.510871,386.600976,2.2e-05,0.000946,0.001125,0.013717,0.001156,0.05,C3.1_WD7_F7,C3.1_WD7_F7
135,C3.1_WD7_F7-R3,0.428,40.0,4.0,0.012305,20.0,0.795866,2.123382,0.049167,10.839289,0.510871,386.600976,2.2e-05,0.000946,0.001125,0.013717,0.001156,0.05,C3.1_WD7_F7,C3.1_WD7_F7
136,C3.1_WD8_F8-R1,0.2499,40.0,4.0,0.00409,20.0,0.3158,1.395181,0.009462,9.766629,0.543018,52.665395,3e-05,0.000309,0.000103,0.000764,0.000106,0.05,C3.1_WD8_F8,C3.1_WD8_F8
137,C3.1_WD8_F8-R2,0.2753,40.0,4.0,0.00409,20.0,0.3158,1.395181,0.009462,9.766629,0.543018,52.665395,3e-05,0.000309,0.000103,0.000764,0.000106,0.05,C3.1_WD8_F8,C3.1_WD8_F8
138,C3.1_WD8_F8-R3,0.2692,40.0,4.0,0.00409,20.0,0.3158,1.395181,0.009462,9.766629,0.543018,52.665395,3e-05,0.000309,0.000103,0.000764,0.000106,0.05,C3.1_WD8_F8,C3.1_WD8_F8
139,C4.2_WA1_C1-R1,0.0074,40.0,4.0,0.045186,20.0,0.590637,4.413947,0.023892,47.480272,0.033098,651.233703,0.000541,0.00301,0.000536,0.007166,0.001252,0.05,C4.2_WA1_C1,C4.2_WA1_C1
140,C4.2_WA1_C1-R2,0.0032,40.0,4.0,0.045186,20.0,0.590637,4.413947,0.023892,47.480272,0.033098,651.233703,0.000541,0.00301,0.000536,0.007166,0.001252,0.05,C4.2_WA1_C1,C4.2_WA1_C1
141,C4.2_WA1_C1-R3,1e-05,40.0,4.0,0.045186,20.0,0.590637,4.413947,0.023892,47.480272,0.033098,651.233703,0.000541,0.00301,0.000536,0.007166,0.001252,0.05,C4.2_WA1_C1,C4.2_WA1_C1
142,C4.2_WA2_C2-R1,0.0759,40.0,4.0,0.060521,20.0,0.21361,4.231752,0.022273,31.848979,0.492975,782.078648,0.000481,0.003856,0.000222,0.007487,0.001706,0.05,C4.2_WA2_C2,C4.2_WA2_C2
143,C4.2_WA2_C2-R2,0.0395,40.0,4.0,0.060521,20.0,0.21361,4.231752,0.022273,31.848979,0.492975,782.078648,0.000481,0.003856,0.000222,0.007487,0.001706,0.05,C4.2_WA2_C2,C4.2_WA2_C2
144,C4.2_WA2_C2-R3,0.0352,40.0,4.0,0.060521,20.0,0.21361,4.231752,0.022273,31.848979,0.492975,782.078648,0.000481,0.003856,0.000222,0.007487,0.001706,0.05,C4.2_WA2_C2,C4.2_WA2_C2
145,C4.2_WA3_C3-R1,0.446,40.0,4.0,0.030435,20.0,0.573867,4.605107,0.075394,39.729834,0.288319,527.577417,0.000533,0.001293,0.000479,0.005522,0.001418,0.05,C4.2_WA3_C3,C4.2_WA3_C3
146,C4.2_WA3_C3-R2,0.4259,40.0,4.0,0.030435,20.0,0.573867,4.605107,0.075394,39.729834,0.288319,527.577417,0.000533,0.001293,0.000479,0.005522,0.001418,0.05,C4.2_WA3_C3,C4.2_WA3_C3
147,C4.2_WA3_C3-R3,0.4272,40.0,4.0,0.030435,20.0,0.573867,4.605107,0.075394,39.729834,0.288319,527.577417,0.000533,0.001293,0.000479,0.005522,0.001418,0.05,C4.2_WA3_C3,C4.2_WA3_C3
148,C4.2_WA4_C4-R1,0.4598,40.0,4.0,0.008666,20.0,0.674731,4.101003,0.044203,10.293334,0.26373,496.593169,0.000175,0.00141,0.0001,0.006292,0.000207,0.05,C4.2_WA4_C4,C4.2_WA4_C4
149,C4.2_WA4_C4-R2,0.4253,40.0,4.0,0.008666,20.0,0.674731,4.101003,0.044203,10.293334,0.26373,496.593169,0.000175,0.00141,0.0001,0.006292,0.000207,0.05,C4.2_WA4_C4,C4.2_WA4_C4
150,C4.2_WA4_C4-R3,0.4348,40.0,4.0,0.008666,20.0,0.674731,4.101003,0.044203,10.293334,0.26373,496.593169,0.000175,0.00141,0.0001,0.006292,0.000207,0.05,C4.2_WA4_C4,C4.2_WA4_C4
151,C4.2_WA5_C5-R1,0.4388,40.0,4.0,0.011664,20.0,0.400558,4.712679,0.043881,10.689284,0.285026,497.991592,0.000153,0.001605,0.000463,0.003221,0.000783,0.05,C4.2_WA5_C5,C4.2_WA5_C5
152,C4.2_WA5_C5-R2,0.4284,40.0,4.0,0.011664,20.0,0.400558,4.712679,0.043881,10.689284,0.285026,497.991592,0.000153,0.001605,0.000463,0.003221,0.000783,0.05,C4.2_WA5_C5,C4.2_WA5_C5
153,C4.2_WA5_C5-R3,0.4126,40.0,4.0,0.011664,20.0,0.400558,4.712679,0.043881,10.689284,0.285026,497.991592,0.000153,0.001605,0.000463,0.003221,0.000783,0.05,C4.2_WA5_C5,C4.2_WA5_C5
154,C4.2_WA6_C6-R1,0.4341,40.0,4.0,0.004231,20.0,0.59161,5.083742,0.045033,10.083175,0.876155,455.774052,0.000211,0.002533,0.000212,0.001691,0.000314,0.05,C4.2_WA6_C6,C4.2_WA6_C6
155,C4.2_WA6_C6-R2,0.419,40.0,4.0,0.004231,20.0,0.59161,5.083742,0.045033,10.083175,0.876155,455.774052,0.000211,0.002533,0.000212,0.001691,0.000314,0.05,C4.2_WA6_C6,C4.2_WA6_C6
156,C4.2_WA6_C6-R3,0.4161,40.0,4.0,0.004231,20.0,0.59161,5.083742,0.045033,10.083175,0.876155,455.774052,0.000211,0.002533,0.000212,0.001691,0.000314,0.05,C4.2_WA6_C6,C4.2_WA6_C6
157,C4.2_WA7_C7-R1,0.5887,40.0,4.0,0.014451,20.0,0.668507,4.284171,0.057786,11.409408,0.947277,444.830901,0.000171,0.001862,0.00048,0.00066,0.00076,0.05,C4.2_WA7_C7,C4.2_WA7_C7
158,C4.2_WA7_C7-R2,0.5741,40.0,4.0,0.014451,20.0,0.668507,4.284171,0.057786,11.409408,0.947277,444.830901,0.000171,0.001862,0.00048,0.00066,0.00076,0.05,C4.2_WA7_C7,C4.2_WA7_C7
159,C4.2_WA7_C7-R3,0.5671,40.0,4.0,0.014451,20.0,0.668507,4.284171,0.057786,11.409408,0.947277,444.830901,0.000171,0.001862,0.00048,0.00066,0.00076,0.05,C4.2_WA7_C7,C4.2_WA7_C7
160,C4.2_WA8_C8-R1,0.4413,40.0,4.0,0.009422,20.0,0.765774,3.926741,0.037959,12.684376,0.416545,460.648365,0.000129,0.002407,0.000314,0.011054,0.000472,0.05,C4.2_WA8_C8,C4.2_WA8_C8
161,C4.2_WA8_C8-R2,0.435,40.0,4.0,0.009422,20.0,0.765774,3.926741,0.037959,12.684376,0.416545,460.648365,0.000129,0.002407,0.000314,0.011054,0.000472,0.05,C4.2_WA8_C8,C4.2_WA8_C8
162,C4.2_WA8_C8-R3,0.4432,40.0,4.0,0.009422,20.0,0.765774,3.926741,0.037959,12.684376,0.416545,460.648365,0.000129,0.002407,0.000314,0.011054,0.000472,0.05,C4.2_WA8_C8,C4.2_WA8_C8
163,C4.2_WD1_F1-R1,1e-05,40.0,4.0,0.034717,20.0,0.641054,4.219546,0.022366,40.901081,0.156846,719.688474,0.000335,0.003982,0.000275,0.008757,0.00069,0.05,C4.2_WD1_F1,C4.2_WD1_F1
164,C4.2_WD1_F1-R2,0.0009,40.0,4.0,0.034717,20.0,0.641054,4.219546,0.022366,40.901081,0.156846,719.688474,0.000335,0.003982,0.000275,0.008757,0.00069,0.05,C4.2_WD1_F1,C4.2_WD1_F1
165,C4.2_WD1_F1-R3,0.0005,40.0,4.0,0.034717,20.0,0.641054,4.219546,0.022366,40.901081,0.156846,719.688474,0.000335,0.003982,0.000275,0.008757,0.00069,0.05,C4.2_WD1_F1,C4.2_WD1_F1
166,C4.2_WD2_F2-R1,0.4207,40.0,4.0,0.031501,20.0,0.312703,4.210275,0.067582,44.136699,0.320089,472.095944,0.000427,0.000882,0.000137,0.012223,0.000856,0.05,C4.2_WD2_F2,C4.2_WD2_F2
167,C4.2_WD2_F2-R2,0.429,40.0,4.0,0.031501,20.0,0.312703,4.210275,0.067582,44.136699,0.320089,472.095944,0.000427,0.000882,0.000137,0.012223,0.000856,0.05,C4.2_WD2_F2,C4.2_WD2_F2
168,C4.2_WD2_F2-R3,0.4528,40.0,4.0,0.031501,20.0,0.312703,4.210275,0.067582,44.136699,0.320089,472.095944,0.000427,0.000882,0.000137,0.012223,0.000856,0.05,C4.2_WD2_F2,C4.2_WD2_F2
169,C4.2_WD3_F3-R1,0.461,40.0,4.0,0.006421,20.0,0.673537,4.557756,0.054778,9.943405,0.249469,458.885336,0.000175,0.001855,0.00026,0.002031,0.000254,0.05,C4.2_WD3_F3,C4.2_WD3_F3
170,C4.2_WD3_F3-R2,0.4883,40.0,4.0,0.006421,20.0,0.673537,4.557756,0.054778,9.943405,0.249469,458.885336,0.000175,0.001855,0.00026,0.002031,0.000254,0.05,C4.2_WD3_F3,C4.2_WD3_F3
171,C4.2_WD3_F3-R3,0.486,40.0,4.0,0.006421,20.0,0.673537,4.557756,0.054778,9.943405,0.249469,458.885336,0.000175,0.001855,0.00026,0.002031,0.000254,0.05,C4.2_WD3_F3,C4.2_WD3_F3
172,C4.2_WD4_F4-R1,0.4641,40.0,4.0,0.008666,20.0,0.674731,4.275314,0.055751,10.293334,0.128261,449.824314,0.000142,0.001889,0.000466,0.006292,0.000207,0.05,C4.2_WD4_F4,C4.2_WD4_F4
173,C4.2_WD4_F4-R2,0.4942,40.0,4.0,0.008666,20.0,0.674731,4.275314,0.055751,10.293334,0.128261,449.824314,0.000142,0.001889,0.000466,0.006292,0.000207,0.05,C4.2_WD4_F4,C4.2_WD4_F4
174,C4.2_WD4_F4-R3,0.4952,40.0,4.0,0.008666,20.0,0.674731,4.275314,0.055751,10.293334,0.128261,449.824314,0.000142,0.001889,0.000466,0.006292,0.000207,0.05,C4.2_WD4_F4,C4.2_WD4_F4
175,C4.2_WD5_F5-R1,0.4311,40.0,4.0,0.00543,20.0,0.248592,4.194682,0.05171,10.086137,0.239106,445.886624,0.000157,0.000849,0.000281,0.010667,0.000638,0.05,C4.2_WD5_F5,C4.2_WD5_F5
176,C4.2_WD5_F5-R2,0.4665,40.0,4.0,0.00543,20.0,0.248592,4.194682,0.05171,10.086137,0.239106,445.886624,0.000157,0.000849,0.000281,0.010667,0.000638,0.05,C4.2_WD5_F5,C4.2_WD5_F5
177,C4.2_WD5_F5-R3,0.4549,40.0,4.0,0.00543,20.0,0.248592,4.194682,0.05171,10.086137,0.239106,445.886624,0.000157,0.000849,0.000281,0.010667,0.000638,0.05,C4.2_WD5_F5,C4.2_WD5_F5
178,C4.2_WD6_F6-R1,0.4032,40.0,4.0,0.01272,20.0,0.762141,6.489701,0.050776,10.564076,0.891038,456.485818,0.00017,0.00199,5.9e-05,0.003392,0.000252,0.05,C4.2_WD6_F6,C4.2_WD6_F6
179,C4.2_WD6_F6-R2,0.4282,40.0,4.0,0.01272,20.0,0.762141,6.489701,0.050776,10.564076,0.891038,456.485818,0.00017,0.00199,5.9e-05,0.003392,0.000252,0.05,C4.2_WD6_F6,C4.2_WD6_F6
180,C4.2_WD6_F6-R3,0.4465,40.0,4.0,0.01272,20.0,0.762141,6.489701,0.050776,10.564076,0.891038,456.485818,0.00017,0.00199,5.9e-05,0.003392,0.000252,0.05,C4.2_WD6_F6,C4.2_WD6_F6
181,C4.2_WD7_F7-R1,0.594,40.0,4.0,0.017924,20.0,0.690362,3.544519,0.057062,11.180931,0.886672,492.15367,0.000229,0.002112,0.000474,0.002997,0.000219,0.05,C4.2_WD7_F7,C4.2_WD7_F7
182,C4.2_WD7_F7-R2,0.6004,40.0,4.0,0.017924,20.0,0.690362,3.544519,0.057062,11.180931,0.886672,492.15367,0.000229,0.002112,0.000474,0.002997,0.000219,0.05,C4.2_WD7_F7,C4.2_WD7_F7
183,C4.2_WD7_F7-R3,0.6068,40.0,4.0,0.017924,20.0,0.690362,3.544519,0.057062,11.180931,0.886672,492.15367,0.000229,0.002112,0.000474,0.002997,0.000219,0.05,C4.2_WD7_F7,C4.2_WD7_F7
184,C4.2_WD8_F8-R1,0.2427,40.0,4.0,0.004165,20.0,0.287965,1.387221,0.0103,10.109658,0.517059,51.122061,3.1e-05,0.000287,0.000101,0.000851,9.5e-05,0.05,C4.2_WD8_F8,C4.2_WD8_F8
185,C4.2_WD8_F8-R2,0.2377,40.0,4.0,0.004165,20.0,0.287965,1.387221,0.0103,10.109658,0.517059,51.122061,3.1e-05,0.000287,0.000101,0.000851,9.5e-05,0.05,C4.2_WD8_F8,C4.2_WD8_F8
186,C4.2_WD8_F8-R3,0.2451,40.0,4.0,0.004165,20.0,0.287965,1.387221,0.0103,10.109658,0.517059,51.122061,3.1e-05,0.000287,0.000101,0.000851,9.5e-05,0.05,C4.2_WD8_F8,C4.2_WD8_F8
187,C5.1_WA1_C1-R1,0.4041,40.0,4.0,0.076872,20.0,0.673352,4.035057,0.044932,37.450241,1.085799,589.411309,0.000352,0.00247,0.005744,0.006587,5.7e-05,0.05,C5.1_WA1_C1,C5.1_WA1_C1
188,C5.1_WA1_C1-R2,0.3901,40.0,4.0,0.076872,20.0,0.673352,4.035057,0.044932,37.450241,1.085799,589.411309,0.000352,0.00247,0.005744,0.006587,5.7e-05,0.05,C5.1_WA1_C1,C5.1_WA1_C1
189,C5.1_WA1_C1-R3,0.379,40.0,4.0,0.076872,20.0,0.673352,4.035057,0.044932,37.450241,1.085799,589.411309,0.000352,0.00247,0.005744,0.006587,5.7e-05,0.05,C5.1_WA1_C1,C5.1_WA1_C1
190,C5.1_WA2_C2-R1,0.4014,40.0,4.0,0.079391,20.0,0.805942,3.834796,0.047726,36.90715,1.195513,589.465451,0.000363,0.002957,0.005811,0.008507,0.000865,0.05,C5.1_WA2_C2,C5.1_WA2_C2
191,C5.1_WA2_C2-R2,0.3694,40.0,4.0,0.079391,20.0,0.805942,3.834796,0.047726,36.90715,1.195513,589.465451,0.000363,0.002957,0.005811,0.008507,0.000865,0.05,C5.1_WA2_C2,C5.1_WA2_C2
192,C5.1_WA2_C2-R3,0.3796,40.0,4.0,0.079391,20.0,0.805942,3.834796,0.047726,36.90715,1.195513,589.465451,0.000363,0.002957,0.005811,0.008507,0.000865,0.05,C5.1_WA2_C2,C5.1_WA2_C2
193,C5.1_WA3_C3-R1,0.4174,40.0,4.0,0.075269,20.0,0.865534,12.985539,0.035616,35.801194,1.375059,589.426056,0.000415,0.005296,0.005948,0.010879,0.001283,0.05,C5.1_WA3_C3,C5.1_WA3_C3
194,C5.1_WA3_C3-R2,0.3984,40.0,4.0,0.075269,20.0,0.865534,12.985539,0.035616,35.801194,1.375059,589.426056,0.000415,0.005296,0.005948,0.010879,0.001283,0.05,C5.1_WA3_C3,C5.1_WA3_C3
195,C5.1_WA3_C3-R3,0.3236,40.0,4.0,0.075269,20.0,0.865534,12.985539,0.035616,35.801194,1.375059,589.426056,0.000415,0.005296,0.005948,0.010879,0.001283,0.05,C5.1_WA3_C3,C5.1_WA3_C3
196,C5.1_WA4_C4-R1,0.5169,40.0,4.0,0.019222,20.0,0.307674,3.525611,0.058275,11.126672,0.964694,481.093379,0.000238,0.002163,0.00132,0.000315,0.000475,0.05,C5.1_WA4_C4,C5.1_WA4_C4
197,C5.1_WA4_C4-R2,0.5162,40.0,4.0,0.019222,20.0,0.307674,3.525611,0.058275,11.126672,0.964694,481.093379,0.000238,0.002163,0.00132,0.000315,0.000475,0.05,C5.1_WA4_C4,C5.1_WA4_C4
198,C5.1_WA4_C4-R3,0.5688,40.0,4.0,0.019222,20.0,0.307674,3.525611,0.058275,11.126672,0.964694,481.093379,0.000238,0.002163,0.00132,0.000315,0.000475,0.05,C5.1_WA4_C4,C5.1_WA4_C4
199,C5.1_WA5_C5-R1,0.5803,40.0,4.0,0.020716,20.0,0.854504,3.601388,0.063508,13.107555,0.614551,424.063716,0.000202,0.001614,0.001494,0.00112,0.00039,0.05,C5.1_WA5_C5,C5.1_WA5_C5
200,C5.1_WA5_C5-R2,0.6181,40.0,4.0,0.020716,20.0,0.854504,3.601388,0.063508,13.107555,0.614551,424.063716,0.000202,0.001614,0.001494,0.00112,0.00039,0.05,C5.1_WA5_C5,C5.1_WA5_C5
201,C5.1_WA5_C5-R3,0.607,40.0,4.0,0.020716,20.0,0.854504,3.601388,0.063508,13.107555,0.614551,424.063716,0.000202,0.001614,0.001494,0.00112,0.00039,0.05,C5.1_WA5_C5,C5.1_WA5_C5
202,C5.1_WA6_C6-R1,0.5079,40.0,4.0,0.013484,20.0,0.476176,3.018758,0.058552,14.844126,1.0351,506.393128,0.000191,0.001317,0.001272,0.003978,0.00059,0.05,C5.1_WA6_C6,C5.1_WA6_C6
203,C5.1_WA6_C6-R2,0.5162,40.0,4.0,0.013484,20.0,0.476176,3.018758,0.058552,14.844126,1.0351,506.393128,0.000191,0.001317,0.001272,0.003978,0.00059,0.05,C5.1_WA6_C6,C5.1_WA6_C6
204,C5.1_WA6_C6-R3,0.5693,40.0,4.0,0.013484,20.0,0.476176,3.018758,0.058552,14.844126,1.0351,506.393128,0.000191,0.001317,0.001272,0.003978,0.00059,0.05,C5.1_WA6_C6,C5.1_WA6_C6
205,C5.1_WA7_C7-R1,0.5765,40.0,4.0,0.015798,20.0,0.801194,3.393851,0.066774,11.368197,0.590902,405.639898,0.000209,0.001154,0.003318,0.004075,0.000986,0.05,C5.1_WA7_C7,C5.1_WA7_C7
206,C5.1_WA7_C7-R2,0.6729,40.0,4.0,0.015798,20.0,0.801194,3.393851,0.066774,11.368197,0.590902,405.639898,0.000209,0.001154,0.003318,0.004075,0.000986,0.05,C5.1_WA7_C7,C5.1_WA7_C7
207,C5.1_WA7_C7-R3,0.5798,40.0,4.0,0.015798,20.0,0.801194,3.393851,0.066774,11.368197,0.590902,405.639898,0.000209,0.001154,0.003318,0.004075,0.000986,0.05,C5.1_WA7_C7,C5.1_WA7_C7
208,C5.1_WA8_C8-R1,0.5209,40.0,4.0,0.02434,20.0,0.817264,3.051005,0.064364,17.090542,1.095888,421.914934,0.000162,0.003515,0.001001,0.00447,0.000695,0.05,C5.1_WA8_C8,C5.1_WA8_C8
209,C5.1_WA8_C8-R2,0.5504,40.0,4.0,0.02434,20.0,0.817264,3.051005,0.064364,17.090542,1.095888,421.914934,0.000162,0.003515,0.001001,0.00447,0.000695,0.05,C5.1_WA8_C8,C5.1_WA8_C8
210,C5.1_WA8_C8-R3,0.5908,40.0,4.0,0.02434,20.0,0.817264,3.051005,0.064364,17.090542,1.095888,421.914934,0.000162,0.003515,0.001001,0.00447,0.000695,0.05,C5.1_WA8_C8,C5.1_WA8_C8
211,C5.1_WD1_F1-R3,0.3712,40.0,4.0,0.074569,20.0,0.7104,3.865275,0.043698,37.793069,1.002822,589.640781,0.000391,0.003163,0.005799,0.012223,0.00027,0.05,C5.1_WD1_F1,C5.1_WD1_F1
212,C5.1_WD2_F2-R1,0.3838,40.0,4.0,0.075384,20.0,0.509501,11.382077,0.045044,36.538656,1.22658,589.564078,0.000577,0.002424,0.005322,0.012354,0.00033,0.05,C5.1_WD2_F2,C5.1_WD2_F2
213,C5.1_WD2_F2-R2,0.4186,40.0,4.0,0.075384,20.0,0.509501,11.382077,0.045044,36.538656,1.22658,589.564078,0.000577,0.002424,0.005322,0.012354,0.00033,0.05,C5.1_WD2_F2,C5.1_WD2_F2
214,C5.1_WD2_F2-R3,0.4335,40.0,4.0,0.075384,20.0,0.509501,11.382077,0.045044,36.538656,1.22658,589.564078,0.000577,0.002424,0.005322,0.012354,0.00033,0.05,C5.1_WD2_F2,C5.1_WD2_F2
215,C5.1_WD3_F3-R1,0.7174,40.0,4.0,0.015919,20.0,0.229308,2.598355,0.060683,10.860956,0.374061,493.688987,0.000186,0.00213,0.001261,0.000849,0.000152,0.05,C5.1_WD3_F3,C5.1_WD3_F3
216,C5.1_WD3_F3-R3,0.7271,40.0,4.0,0.015919,20.0,0.229308,2.598355,0.060683,10.860956,0.374061,493.688987,0.000186,0.00213,0.001261,0.000849,0.000152,0.05,C5.1_WD3_F3,C5.1_WD3_F3
217,C5.1_WD4_F4-R1,0.6418,40.0,4.0,0.018093,20.0,0.806326,2.806326,0.05822,15.042509,0.636144,454.40883,0.000217,0.002151,0.001782,0.000297,0.0005,0.05,C5.1_WD4_F4,C5.1_WD4_F4
218,C5.1_WD4_F4-R2,0.6786,40.0,4.0,0.018093,20.0,0.806326,2.806326,0.05822,15.042509,0.636144,454.40883,0.000217,0.002151,0.001782,0.000297,0.0005,0.05,C5.1_WD4_F4,C5.1_WD4_F4
219,C5.1_WD4_F4-R3,0.6488,40.0,4.0,0.018093,20.0,0.806326,2.806326,0.05822,15.042509,0.636144,454.40883,0.000217,0.002151,0.001782,0.000297,0.0005,0.05,C5.1_WD4_F4,C5.1_WD4_F4
220,C5.1_WD5_F5-R1,0.7316,40.0,4.0,0.021665,20.0,0.716594,2.211578,0.058865,16.808802,0.379974,460.093519,0.000246,0.002152,0.001374,0.003696,0.000377,0.05,C5.1_WD5_F5,C5.1_WD5_F5
221,C5.1_WD5_F5-R3,0.7337,40.0,4.0,0.021665,20.0,0.716594,2.211578,0.058865,16.808802,0.379974,460.093519,0.000246,0.002152,0.001374,0.003696,0.000377,0.05,C5.1_WD5_F5,C5.1_WD5_F5
222,C5.1_WD6_F6-R1,0.511,40.0,4.0,0.015771,20.0,0.596566,2.461602,0.05738,12.072126,0.556695,432.685654,0.000179,0.002404,0.003917,0.001158,0.000466,0.05,C5.1_WD6_F6,C5.1_WD6_F6
223,C5.1_WD6_F6-R2,0.5698,40.0,4.0,0.015771,20.0,0.596566,2.461602,0.05738,12.072126,0.556695,432.685654,0.000179,0.002404,0.003917,0.001158,0.000466,0.05,C5.1_WD6_F6,C5.1_WD6_F6
224,C5.1_WD6_F6-R3,0.5744,40.0,4.0,0.015771,20.0,0.596566,2.461602,0.05738,12.072126,0.556695,432.685654,0.000179,0.002404,0.003917,0.001158,0.000466,0.05,C5.1_WD6_F6,C5.1_WD6_F6
225,C5.1_WD7_F7-R1,0.5399,40.0,4.0,0.013997,20.0,0.864015,2.643108,0.057202,11.196264,0.248801,395.946558,0.000124,0.001649,0.002606,0.01095,0.000642,0.05,C5.1_WD7_F7,C5.1_WD7_F7
226,C5.1_WD7_F7-R2,0.5897,40.0,4.0,0.013997,20.0,0.864015,2.643108,0.057202,11.196264,0.248801,395.946558,0.000124,0.001649,0.002606,0.01095,0.000642,0.05,C5.1_WD7_F7,C5.1_WD7_F7
227,C5.1_WD7_F7-R3,0.5857,40.0,4.0,0.013997,20.0,0.864015,2.643108,0.057202,11.196264,0.248801,395.946558,0.000124,0.001649,0.002606,0.01095,0.000642,0.05,C5.1_WD7_F7,C5.1_WD7_F7
228,C5.1_WD8_F8-R1,0.2691,40.0,4.0,0.004271,20.0,0.274219,1.31762,0.010676,8.594093,0.478488,45.121975,3e-05,0.000279,9.5e-05,0.000786,9.1e-05,0.05,C5.1_WD8_F8,C5.1_WD8_F8
229,C5.1_WD8_F8-R2,0.266,40.0,4.0,0.004271,20.0,0.274219,1.31762,0.010676,8.594093,0.478488,45.121975,3e-05,0.000279,9.5e-05,0.000786,9.1e-05,0.05,C5.1_WD8_F8,C5.1_WD8_F8
230,C5.1_WD8_F8-R3,0.2337,40.0,4.0,0.004271,20.0,0.274219,1.31762,0.010676,8.594093,0.478488,45.121975,3e-05,0.000279,9.5e-05,0.000786,9.1e-05,0.05,C5.1_WD8_F8,C5.1_WD8_F8
231,C6.1_WA1_C1-R1,0.0691,40.0,4.0,0.018833,20.0,0.557771,0.479914,0.073016,15.011862,0.039553,662.711937,0.000262,0.002831,0.001193,0.000733,4e-05,0.05,C6.1_WA1_C1,C6.1_WA1_C1
232,C6.1_WA1_C1-R2,0.0657,40.0,4.0,0.018833,20.0,0.557771,0.479914,0.073016,15.011862,0.039553,662.711937,0.000262,0.002831,0.001193,0.000733,4e-05,0.05,C6.1_WA1_C1,C6.1_WA1_C1
233,C6.1_WA1_C1-R3,0.0603,40.0,4.0,0.018833,20.0,0.557771,0.479914,0.073016,15.011862,0.039553,662.711937,0.000262,0.002831,0.001193,0.000733,4e-05,0.05,C6.1_WA1_C1,C6.1_WA1_C1
234,C6.1_WA2_C2-R1,0.4607,40.0,4.0,0.021191,20.0,0.747817,0.700241,0.063038,16.489651,0.105661,470.249173,0.000246,0.002149,0.001422,0.002613,0.000227,0.05,C6.1_WA2_C2,C6.1_WA2_C2
235,C6.1_WA2_C2-R2,0.418,40.0,4.0,0.021191,20.0,0.747817,0.700241,0.063038,16.489651,0.105661,470.249173,0.000246,0.002149,0.001422,0.002613,0.000227,0.05,C6.1_WA2_C2,C6.1_WA2_C2
236,C6.1_WA2_C2-R3,0.42,40.0,4.0,0.021191,20.0,0.747817,0.700241,0.063038,16.489651,0.105661,470.249173,0.000246,0.002149,0.001422,0.002613,0.000227,0.05,C6.1_WA2_C2,C6.1_WA2_C2
237,C6.1_WA3_C3-R1,0.4475,40.0,4.0,0.021624,20.0,0.727774,0.773173,0.059909,17.477056,0.174655,466.016037,0.000256,0.002133,0.001465,0.001416,0.000244,0.05,C6.1_WA3_C3,C6.1_WA3_C3
238,C6.1_WA3_C3-R2,0.4151,40.0,4.0,0.021624,20.0,0.727774,0.773173,0.059909,17.477056,0.174655,466.016037,0.000256,0.002133,0.001465,0.001416,0.000244,0.05,C6.1_WA3_C3,C6.1_WA3_C3
239,C6.1_WA3_C3-R3,0.4003,40.0,4.0,0.021624,20.0,0.727774,0.773173,0.059909,17.477056,0.174655,466.016037,0.000256,0.002133,0.001465,0.001416,0.000244,0.05,C6.1_WA3_C3,C6.1_WA3_C3
240,C6.1_WA4_C4-R1,0.5239,40.0,4.0,0.021366,20.0,0.747545,1.391815,0.060333,17.489119,0.0871,501.897751,0.000254,0.00215,0.001697,0.001366,0.000259,0.05,C6.1_WA4_C4,C6.1_WA4_C4
241,C6.1_WA4_C4-R2,0.5006,40.0,4.0,0.021366,20.0,0.747545,1.391815,0.060333,17.489119,0.0871,501.897751,0.000254,0.00215,0.001697,0.001366,0.000259,0.05,C6.1_WA4_C4,C6.1_WA4_C4
242,C6.1_WA4_C4-R3,0.492,40.0,4.0,0.021366,20.0,0.747545,1.391815,0.060333,17.489119,0.0871,501.897751,0.000254,0.00215,0.001697,0.001366,0.000259,0.05,C6.1_WA4_C4,C6.1_WA4_C4
243,C6.1_WA5_C5-R1,0.5249,40.0,4.0,0.017751,20.0,0.778191,0.888467,0.062766,15.957898,0.130233,489.039394,0.000256,0.002153,0.001151,0.001574,0.000173,0.05,C6.1_WA5_C5,C6.1_WA5_C5
244,C6.1_WA5_C5-R2,0.4603,40.0,4.0,0.017751,20.0,0.778191,0.888467,0.062766,15.957898,0.130233,489.039394,0.000256,0.002153,0.001151,0.001574,0.000173,0.05,C6.1_WA5_C5,C6.1_WA5_C5
245,C6.1_WA5_C5-R3,0.4405,40.0,4.0,0.017751,20.0,0.778191,0.888467,0.062766,15.957898,0.130233,489.039394,0.000256,0.002153,0.001151,0.001574,0.000173,0.05,C6.1_WA5_C5,C6.1_WA5_C5
246,C6.1_WA6_C6-R1,0.4923,40.0,4.0,0.019515,20.0,0.651515,1.259098,0.065078,18.179259,0.191587,501.252245,0.00026,0.002155,0.001462,0.00246,0.000247,0.05,C6.1_WA6_C6,C6.1_WA6_C6
247,C6.1_WA6_C6-R2,0.44,40.0,4.0,0.019515,20.0,0.651515,1.259098,0.065078,18.179259,0.191587,501.252245,0.00026,0.002155,0.001462,0.00246,0.000247,0.05,C6.1_WA6_C6,C6.1_WA6_C6
248,C6.1_WA6_C6-R3,0.4765,40.0,4.0,0.019515,20.0,0.651515,1.259098,0.065078,18.179259,0.191587,501.252245,0.00026,0.002155,0.001462,0.00246,0.000247,0.05,C6.1_WA6_C6,C6.1_WA6_C6
249,C6.1_WA7_C7-R1,0.439,40.0,4.0,0.021766,20.0,0.705353,0.701161,0.061621,17.251398,0.054422,491.164321,0.000246,0.002147,0.001709,0.002308,0.000294,0.05,C6.1_WA7_C7,C6.1_WA7_C7
250,C6.1_WA7_C7-R2,0.4559,40.0,4.0,0.021766,20.0,0.705353,0.701161,0.061621,17.251398,0.054422,491.164321,0.000246,0.002147,0.001709,0.002308,0.000294,0.05,C6.1_WA7_C7,C6.1_WA7_C7
251,C6.1_WA7_C7-R3,0.4496,40.0,4.0,0.021766,20.0,0.705353,0.701161,0.061621,17.251398,0.054422,491.164321,0.000246,0.002147,0.001709,0.002308,0.000294,0.05,C6.1_WA7_C7,C6.1_WA7_C7
252,C6.1_WA8_C8-R1,0.5251,40.0,4.0,0.018474,20.0,0.566979,1.099398,0.059511,16.789564,0.148908,472.86843,0.00026,0.002132,0.001429,0.002461,0.000155,0.05,C6.1_WA8_C8,C6.1_WA8_C8
253,C6.1_WA8_C8-R2,0.512,40.0,4.0,0.018474,20.0,0.566979,1.099398,0.059511,16.789564,0.148908,472.86843,0.00026,0.002132,0.001429,0.002461,0.000155,0.05,C6.1_WA8_C8,C6.1_WA8_C8
254,C6.1_WA8_C8-R3,0.5018,40.0,4.0,0.018474,20.0,0.566979,1.099398,0.059511,16.789564,0.148908,472.86843,0.00026,0.002132,0.001429,0.002461,0.000155,0.05,C6.1_WA8_C8,C6.1_WA8_C8
255,C6.1_WD1_F1-R1,0.0516,40.0,4.0,0.018298,20.0,0.557728,0.479902,0.071367,15.011862,0.039414,662.711936,0.000265,0.002673,0.001118,0.001638,1e-05,0.05,C6.1_WD1_F1,C6.1_WD1_F1
256,C6.1_WD1_F1-R2,0.0488,40.0,4.0,0.018298,20.0,0.557728,0.479902,0.071367,15.011862,0.039414,662.711936,0.000265,0.002673,0.001118,0.001638,1e-05,0.05,C6.1_WD1_F1,C6.1_WD1_F1
257,C6.1_WD1_F1-R3,0.0448,40.0,4.0,0.018298,20.0,0.557728,0.479902,0.071367,15.011862,0.039414,662.711936,0.000265,0.002673,0.001118,0.001638,1e-05,0.05,C6.1_WD1_F1,C6.1_WD1_F1
258,C6.1_WD2_F2-R1,0.4379,40.0,4.0,0.020822,20.0,0.796548,1.01449,0.060333,16.197726,0.0871,499.930374,0.000246,0.00215,0.001158,0.001761,0.000151,0.05,C6.1_WD2_F2,C6.1_WD2_F2
259,C6.1_WD2_F2-R2,0.4717,40.0,4.0,0.020822,20.0,0.796548,1.01449,0.060333,16.197726,0.0871,499.930374,0.000246,0.00215,0.001158,0.001761,0.000151,0.05,C6.1_WD2_F2,C6.1_WD2_F2
260,C6.1_WD2_F2-R3,0.5073,40.0,4.0,0.020822,20.0,0.796548,1.01449,0.060333,16.197726,0.0871,499.930374,0.000246,0.00215,0.001158,0.001761,0.000151,0.05,C6.1_WD2_F2,C6.1_WD2_F2
261,C6.1_WD3_F3-R1,0.4135,40.0,4.0,0.021155,20.0,0.756038,0.720313,0.059491,17.216778,0.133274,482.480012,0.000246,0.002126,0.001294,0.001683,0.000192,0.05,C6.1_WD3_F3,C6.1_WD3_F3
262,C6.1_WD3_F3-R2,0.4244,40.0,4.0,0.021155,20.0,0.756038,0.720313,0.059491,17.216778,0.133274,482.480012,0.000246,0.002126,0.001294,0.001683,0.000192,0.05,C6.1_WD3_F3,C6.1_WD3_F3
263,C6.1_WD3_F3-R3,0.4495,40.0,4.0,0.021155,20.0,0.756038,0.720313,0.059491,17.216778,0.133274,482.480012,0.000246,0.002126,0.001294,0.001683,0.000192,0.05,C6.1_WD3_F3,C6.1_WD3_F3
264,C6.1_WD4_F4-R1,0.4554,40.0,4.0,0.022347,20.0,0.773147,1.225045,0.059989,15.778627,0.204332,469.971834,0.000244,0.002136,0.00137,0.001393,0.000224,0.05,C6.1_WD4_F4,C6.1_WD4_F4
265,C6.1_WD4_F4-R2,0.4721,40.0,4.0,0.022347,20.0,0.773147,1.225045,0.059989,15.778627,0.204332,469.971834,0.000244,0.002136,0.00137,0.001393,0.000224,0.05,C6.1_WD4_F4,C6.1_WD4_F4
266,C6.1_WD4_F4-R3,0.4873,40.0,4.0,0.022347,20.0,0.773147,1.225045,0.059989,15.778627,0.204332,469.971834,0.000244,0.002136,0.00137,0.001393,0.000224,0.05,C6.1_WD4_F4,C6.1_WD4_F4
267,C6.1_WD5_F5-R1,0.4174,40.0,4.0,0.020187,20.0,0.628602,0.714762,0.064923,16.442087,0.071574,488.110934,0.000255,0.002125,0.001648,0.002065,0.0001,0.05,C6.1_WD5_F5,C6.1_WD5_F5
268,C6.1_WD5_F5-R2,0.4368,40.0,4.0,0.020187,20.0,0.628602,0.714762,0.064923,16.442087,0.071574,488.110934,0.000255,0.002125,0.001648,0.002065,0.0001,0.05,C6.1_WD5_F5,C6.1_WD5_F5
269,C6.1_WD5_F5-R3,0.4889,40.0,4.0,0.020187,20.0,0.628602,0.714762,0.064923,16.442087,0.071574,488.110934,0.000255,0.002125,0.001648,0.002065,0.0001,0.05,C6.1_WD5_F5,C6.1_WD5_F5
270,C6.1_WD6_F6-R1,0.4581,40.0,4.0,0.02076,20.0,0.664277,1.136037,0.062187,17.339733,0.157002,471.314512,0.000243,0.002142,0.00157,0.000984,0.000175,0.05,C6.1_WD6_F6,C6.1_WD6_F6
271,C6.1_WD6_F6-R2,0.5169,40.0,4.0,0.02076,20.0,0.664277,1.136037,0.062187,17.339733,0.157002,471.314512,0.000243,0.002142,0.00157,0.000984,0.000175,0.05,C6.1_WD6_F6,C6.1_WD6_F6
272,C6.1_WD6_F6-R3,0.5441,40.0,4.0,0.02076,20.0,0.664277,1.136037,0.062187,17.339733,0.157002,471.314512,0.000243,0.002142,0.00157,0.000984,0.000175,0.05,C6.1_WD6_F6,C6.1_WD6_F6
273,C6.1_WD7_F7-R1,0.4625,40.0,4.0,0.021704,20.0,0.815438,1.224373,0.062374,15.425222,0.095381,505.309732,0.000261,0.002122,0.001375,0.001587,0.00019,0.05,C6.1_WD7_F7,C6.1_WD7_F7
274,C6.1_WD7_F7-R2,0.5023,40.0,4.0,0.021704,20.0,0.815438,1.224373,0.062374,15.425222,0.095381,505.309732,0.000261,0.002122,0.001375,0.001587,0.00019,0.05,C6.1_WD7_F7,C6.1_WD7_F7
275,C6.1_WD7_F7-R3,0.5524,40.0,4.0,0.021704,20.0,0.815438,1.224373,0.062374,15.425222,0.095381,505.309732,0.000261,0.002122,0.001375,0.001587,0.00019,0.05,C6.1_WD7_F7,C6.1_WD7_F7
276,C6.1_WD8_F8-R1,0.2446,40.0,4.0,0.004174,20.0,0.304902,1.283908,0.010501,8.980715,0.476417,47.053347,3.3e-05,0.00033,9.6e-05,0.000784,9.2e-05,0.05,C6.1_WD8_F8,C6.1_WD8_F8
277,C6.1_WD8_F8-R2,0.2542,40.0,4.0,0.004174,20.0,0.304902,1.283908,0.010501,8.980715,0.476417,47.053347,3.3e-05,0.00033,9.6e-05,0.000784,9.2e-05,0.05,C6.1_WD8_F8,C6.1_WD8_F8
278,C6.1_WD8_F8-R3,0.2449,40.0,4.0,0.004174,20.0,0.304902,1.283908,0.010501,8.980715,0.476417,47.053347,3.3e-05,0.00033,9.6e-05,0.000784,9.2e-05,0.05,C6.1_WD8_F8,C6.1_WD8_F8
