,H3BO3[mM],K2SO4[mM],K2HPO4[mM],FeSO4[mM],NH4Cl[mM],MgCl2[mM],NaCl[mM],(NH4)6Mo7O24[mM],CoCl2[mM],CuSO4[mM],MnSO4[mM],ZnSO4[mM],OD340,OD340_pred,OD340_std,OD340_cv_pred,OD340_cv_std,Label
0,0.019871,0.205718,2.36508,0.021243,6.375749,4.320423,21.652901,2.3e-05,0.001306,0.0001,0.0008,0.0001,0.2076,0.21317311799394015,0.06340199253091552,0.21298305775114276,0.06230245980324069,train
1,0.019871,0.205718,2.36508,0.021243,6.375749,4.320423,21.652901,2.3e-05,0.001306,0.0001,0.0008,0.0001,0.2149,0.21317311799394015,0.06340199253091552,0.21298305775114276,0.06230245980324069,train
2,0.019871,0.205718,2.36508,0.021243,6.375749,4.320423,21.652901,2.3e-05,0.001306,0.0001,0.0008,0.0001,0.2124,0.21317311799394015,0.06340199253091552,0.21298305775114276,0.06230245980324069,train
3,0.003918,1.883663,0.799089,0.009532,8.860595,3.425574,15.010088,0.000102,0.000255,0.0001,0.0008,0.0001,0.1955,0.19546432707431763,0.06341403866404652,0.20588984796128823,0.06121451563643695,train
4,0.003918,1.883663,0.799089,0.009532,8.860595,3.425574,15.010088,0.000102,0.000255,0.0001,0.0008,0.0001,0.1859,0.19546432707431763,0.06341403866404652,0.20588984796128823,0.06121451563643695,train
5,0.003918,1.883663,0.799089,0.009532,8.860595,3.425574,15.010088,0.000102,0.000255,0.0001,0.0008,0.0001,0.1859,0.19546432707431763,0.06341403866404652,0.20588984796128823,0.06121451563643695,train
6,0.000928,0.114704,0.749104,0.024392,8.910734,3.278069,39.314072,0.000245,0.001165,0.0001,0.0008,0.0001,0.2294,0.20409729475435343,0.06346779042771215,0.22708514678409597,0.06482841735582776,train
7,0.000928,0.114704,0.749104,0.024392,8.910734,3.278069,39.314072,0.000245,0.001165,0.0001,0.0008,0.0001,0.1602,0.20409729475435343,0.06346779042771215,0.22708514678409597,0.06482841735582776,train
8,0.003146,0.155317,1.193659,0.007361,6.570764,2.934664,102.500341,1.4e-05,0.000228,0.0001,0.0008,0.0001,0.332,0.2914920550749635,0.06346421518688675,0.22141005457755147,0.0718444744658251,train
9,0.003146,0.155317,1.193659,0.007361,6.570764,2.934664,102.500341,1.4e-05,0.000228,0.0001,0.0008,0.0001,0.3046,0.2914920550749635,0.06346421518688675,0.22141005457755147,0.0718444744658251,train
10,0.003146,0.155317,1.193659,0.007361,6.570764,2.934664,102.500341,1.4e-05,0.000228,0.0001,0.0008,0.0001,0.3278,0.2914920550749635,0.06346421518688675,0.22141005457755147,0.0718444744658251,train
11,0.000661,0.072109,0.670998,0.003174,10.235412,0.328586,69.706045,2.5e-05,0.000231,0.0001,0.0008,0.0001,0.2919,0.2776820143725836,0.06343523652695887,0.2724977156809534,0.06489562093254785,train
12,0.000661,0.072109,0.670998,0.003174,10.235412,0.328586,69.706045,2.5e-05,0.000231,0.0001,0.0008,0.0001,0.2755,0.2776820143725836,0.06343523652695887,0.2724977156809534,0.06489562093254785,train
13,0.000661,0.072109,0.670998,0.003174,10.235412,0.328586,69.706045,2.5e-05,0.000231,0.0001,0.0008,0.0001,0.2614,0.2776820143725836,0.06343523652695887,0.2724977156809534,0.06489562093254785,train
14,0.002896,2.694506,2.705554,0.004145,10.05364,0.203426,392.187867,2.1e-05,0.000674,0.0001,0.0008,0.0001,0.6137,0.5001198455143397,0.06417500228847753,0.39340828771572434,0.0985260623181459,train
15,0.002896,2.694506,2.705554,0.004145,10.05364,0.203426,392.187867,2.1e-05,0.000674,0.0001,0.0008,0.0001,0.5906,0.5001198455143397,0.06417500228847753,0.39340828771572434,0.0985260623181459,train
16,0.003569,0.134996,5.140924,0.099996,13.04173,0.137271,13.077057,6.3e-05,0.000118,0.0001,0.0008,0.0001,0.2658,0.2637938354045922,0.06345647589630941,0.29685286329873595,0.06458416807257909,train
17,0.003569,0.134996,5.140924,0.099996,13.04173,0.137271,13.077057,6.3e-05,0.000118,0.0001,0.0008,0.0001,0.2692,0.2637938354045922,0.06345647589630941,0.29685286329873595,0.06458416807257909,train
18,0.003569,0.134996,5.140924,0.099996,13.04173,0.137271,13.077057,6.3e-05,0.000118,0.0001,0.0008,0.0001,0.267,0.2637938354045922,0.06345647589630941,0.29685286329873595,0.06458416807257909,train
19,0.002498,0.478785,5.697716,0.005074,12.572632,2.474319,34.381185,0.000199,0.000266,0.0001,0.0008,0.0001,0.3092,0.2982718247418374,0.06347447623359372,0.26220268044504824,0.06127728389100241,train
20,0.002498,0.478785,5.697716,0.005074,12.572632,2.474319,34.381185,0.000199,0.000266,0.0001,0.0008,0.0001,0.3356,0.2982718247418374,0.06347447623359372,0.26220268044504824,0.06127728389100241,train
21,0.002498,0.478785,5.697716,0.005074,12.572632,2.474319,34.381185,0.000199,0.000266,0.0001,0.0008,0.0001,0.3509,0.2982718247418374,0.06347447623359372,0.26220268044504824,0.06127728389100241,train
22,0.030307,0.246921,0.344224,0.044398,8.052032,2.115414,373.15833,0.000298,0.001822,0.0001,0.0008,0.0001,0.2837,0.4037115903152065,0.06599821036221026,0.4792970914508936,0.06434303558102823,train
23,0.030307,0.246921,0.344224,0.044398,8.052032,2.115414,373.15833,0.000298,0.001822,0.0001,0.0008,0.0001,0.2538,0.4037115903152065,0.06599821036221026,0.4792970914508936,0.06434303558102823,train
24,0.003307,0.220806,1.373433,0.002769,7.072113,0.162127,474.641165,2.9e-05,0.000468,0.0001,0.0008,0.0001,0.4791,0.4758096269625455,0.06347607971097195,0.42024174348585247,0.08696700767710774,train
25,0.003307,0.220806,1.373433,0.002769,7.072113,0.162127,474.641165,2.9e-05,0.000468,0.0001,0.0008,0.0001,0.4794,0.4758096269625455,0.06347607971097195,0.42024174348585247,0.08696700767710774,train
26,0.003307,0.220806,1.373433,0.002769,7.072113,0.162127,474.641165,2.9e-05,0.000468,0.0001,0.0008,0.0001,0.5003,0.4758096269625455,0.06347607971097195,0.42024174348585247,0.08696700767710774,train
27,0.001665,0.388632,4.190736,0.061205,10.698388,0.286551,304.495309,0.000247,0.002235,0.0001,0.0008,0.0001,0.5691,0.5001905818383171,0.06394503777120242,0.4457359142419993,0.06129838263565223,train
28,0.001665,0.388632,4.190736,0.061205,10.698388,0.286551,304.495309,0.000247,0.002235,0.0001,0.0008,0.0001,0.5769,0.5001905818383171,0.06394503777120242,0.4457359142419993,0.06129838263565223,train
29,0.001665,0.388632,4.190736,0.061205,10.698388,0.286551,304.495309,0.000247,0.002235,0.0001,0.0008,0.0001,0.6086,0.5001905818383171,0.06394503777120242,0.4457359142419993,0.06129838263565223,train
30,0.039823,2.762379,6.488607,0.005635,9.196312,1.635182,9.08179,1.2e-05,0.000286,0.0001,0.0008,0.0001,0.2502,0.24567831713992466,0.06343263907471552,0.24750136728374206,0.06792333099329534,train
31,0.039823,2.762379,6.488607,0.005635,9.196312,1.635182,9.08179,1.2e-05,0.000286,0.0001,0.0008,0.0001,0.255,0.24567831713992466,0.06343263907471552,0.24750136728374206,0.06792333099329534,train
32,0.039823,2.762379,6.488607,0.005635,9.196312,1.635182,9.08179,1.2e-05,0.000286,0.0001,0.0008,0.0001,0.2387,0.24567831713992466,0.06343263907471552,0.24750136728374206,0.06792333099329534,train
33,0.035122,0.998672,5.423431,0.06906,7.219062,1.854023,201.586871,3e-06,0.001693,0.0001,0.0008,0.0001,0.3692,0.38897486005021825,0.06348106084114928,0.35531334254243435,0.08656153246838162,train
34,0.035122,0.998672,5.423431,0.06906,7.219062,1.854023,201.586871,3e-06,0.001693,0.0001,0.0008,0.0001,0.4037,0.38897486005021825,0.06348106084114928,0.35531334254243435,0.08656153246838162,train
35,0.035122,0.998672,5.423431,0.06906,7.219062,1.854023,201.586871,3e-06,0.001693,0.0001,0.0008,0.0001,0.3799,0.38897486005021825,0.06348106084114928,0.35531334254243435,0.08656153246838162,train
36,0.001944,1.172598,0.455551,0.008633,7.911045,5.109907,43.314029,4.5e-05,0.00231,0.0001,0.0008,0.0001,0.1802,0.19234697392244038,0.06341909344007589,0.1981030668543106,0.06449548850103758,train
37,0.001944,1.172598,0.455551,0.008633,7.911045,5.109907,43.314029,4.5e-05,0.00231,0.0001,0.0008,0.0001,0.1926,0.19234697392244038,0.06341909344007589,0.1981030668543106,0.06449548850103758,train
38,0.001944,1.172598,0.455551,0.008633,7.911045,5.109907,43.314029,4.5e-05,0.00231,0.0001,0.0008,0.0001,0.181,0.19234697392244038,0.06341909344007589,0.1981030668543106,0.06449548850103758,train
39,0.009826,0.127493,0.542649,0.092583,12.14066,0.392871,284.78099,0.000138,0.000155,0.0001,0.0008,0.0001,0.3924,0.3818565806461214,0.06343234047004259,0.4785835289398158,0.06288560701759112,train
40,0.009826,0.127493,0.542649,0.092583,12.14066,0.392871,284.78099,0.000138,0.000155,0.0001,0.0008,0.0001,0.3494,0.3818565806461214,0.06343234047004259,0.4785835289398158,0.06288560701759112,train
41,0.009826,0.127493,0.542649,0.092583,12.14066,0.392871,284.78099,0.000138,0.000155,0.0001,0.0008,0.0001,0.3392,0.3818565806461214,0.06343234047004259,0.4785835289398158,0.06288560701759112,train
42,0.003902,0.317207,1.312346,0.009853,9.731379,0.548221,54.873776,2.7e-05,0.000272,0.0001,0.0008,0.0001,0.2973,0.2851150130233562,0.06342695622936943,0.2714166277527003,0.08567323978751881,standard
43,0.003902,0.317207,1.312346,0.009853,9.731379,0.548221,54.873776,2.7e-05,0.000272,0.0001,0.0008,0.0001,0.2982,0.2851150130233562,0.06342695622936943,0.2714166277527003,0.08567323978751881,standard
44,0.003902,0.317207,1.312346,0.009853,9.731379,0.548221,54.873776,2.7e-05,0.000272,0.0001,0.0008,0.0001,0.2978,0.2851150130233562,0.06342695622936943,0.2714166277527003,0.08567323978751881,standard
45,0.036568,1.38806,1.010494,0.010567,13.87702,0.762363,44.602736,1.3e-05,0.000185,0.0001,0.0008,0.0001,0.2099,0.23441457069519117,0.06348137242222136,0.277019732614188,0.07198619305135967,train
46,0.036568,1.38806,1.010494,0.010567,13.87702,0.762363,44.602736,1.3e-05,0.000185,0.0001,0.0008,0.0001,0.2267,0.23441457069519117,0.06348137242222136,0.277019732614188,0.07198619305135967,train
47,0.036568,1.38806,1.010494,0.010567,13.87702,0.762363,44.602736,1.3e-05,0.000185,0.0001,0.0008,0.0001,0.2334,0.23441457069519117,0.06348137242222136,0.277019732614188,0.07198619305135967,train
48,0.004091,0.285941,1.114373,0.072114,8.571532,0.08034,334.835565,0.000276,6.5e-05,0.0001,0.0008,0.0001,0.4625,0.477673008844289,0.06347183414826257,0.44239087787889253,0.06812761164352539,train
49,0.004091,0.285941,1.114373,0.072114,8.571532,0.08034,334.835565,0.000276,6.5e-05,0.0001,0.0008,0.0001,0.5259,0.477673008844289,0.06347183414826257,0.44239087787889253,0.06812761164352539,train
50,0.004091,0.285941,1.114373,0.072114,8.571532,0.08034,334.835565,0.000276,6.5e-05,0.0001,0.0008,0.0001,0.5059,0.477673008844289,0.06347183414826257,0.44239087787889253,0.06812761164352539,train
51,0.002757,0.037187,0.568853,0.006261,11.635449,3.925519,29.412474,7e-06,0.002681,0.0001,0.0008,0.0001,0.2218,0.20005502038191517,0.06347353314103076,0.21214664361954977,0.09802879534841316,train
52,0.002757,0.037187,0.568853,0.006261,11.635449,3.925519,29.412474,7e-06,0.002681,0.0001,0.0008,0.0001,0.1616,0.20005502038191517,0.06347353314103076,0.21214664361954977,0.09802879534841316,train
53,0.032674,0.728092,4.631595,0.003782,14.137994,0.256453,28.626215,1e-05,8.5e-05,0.0001,0.0008,0.0001,0.333,0.2924441725834573,0.06342843304195134,0.2745462760799716,0.06638020878292195,train
54,0.032674,0.728092,4.631595,0.003782,14.137994,0.256453,28.626215,1e-05,8.5e-05,0.0001,0.0008,0.0001,0.3038,0.2924441725834573,0.06342843304195134,0.2745462760799716,0.06638020878292195,train
55,0.032674,0.728092,4.631595,0.003782,14.137994,0.256453,28.626215,1e-05,8.5e-05,0.0001,0.0008,0.0001,0.2971,0.2924441725834573,0.06342843304195134,0.2745462760799716,0.06638020878292195,train
56,0.022738,0.265485,0.82967,0.008942,10.869627,0.942635,436.856031,6.8e-05,0.00207,0.0001,0.0008,0.0001,0.5057,0.4835597604531819,0.06352299616910653,0.42839693853470784,0.08649415203598769,train
57,0.022738,0.265485,0.82967,0.008942,10.869627,0.942635,436.856031,6.8e-05,0.00207,0.0001,0.0008,0.0001,0.5079,0.4835597604531819,0.06352299616910653,0.42839693853470784,0.08649415203598769,train
58,0.022738,0.265485,0.82967,0.008942,10.869627,0.942635,436.856031,6.8e-05,0.00207,0.0001,0.0008,0.0001,0.5145,0.4835597604531819,0.06352299616910653,0.42839693853470784,0.08649415203598769,train
59,0.027822,0.191012,3.731013,0.05201,12.821188,0.39668,461.365478,0.000151,0.001555,0.0001,0.0008,0.0001,0.563,0.5003717447113079,0.06385336980015303,0.46999802017705494,0.06478342832854243,train
60,0.027822,0.191012,3.731013,0.05201,12.821188,0.39668,461.365478,0.000151,0.001555,0.0001,0.0008,0.0001,0.5826,0.5003717447113079,0.06385336980015303,0.46999802017705494,0.06478342832854243,train
61,0.011578,0.177163,1.834603,0.086358,11.758068,0.449543,199.775436,2.7e-05,3.3e-05,0.0001,0.0008,0.0001,0.4308,0.4083881108381107,0.06387122696321182,0.43821673678307893,0.06340257181488872,train
62,0.011578,0.177163,1.834603,0.086358,11.758068,0.449543,199.775436,2.7e-05,3.3e-05,0.0001,0.0008,0.0001,0.3685,0.4083881108381107,0.06387122696321182,0.43821673678307893,0.06340257181488872,train
63,0.011578,0.177163,1.834603,0.086358,11.758068,0.449543,199.775436,2.7e-05,3.3e-05,0.0001,0.0008,0.0001,0.3863,0.4083881108381107,0.06387122696321182,0.43821673678307893,0.06340257181488872,train
64,0.006689,2.358695,1.30699,0.008025,9.467514,0.344166,153.566409,2.3e-05,0.000535,0.0001,0.0008,0.0001,0.3624,0.40696979207200734,0.06403680050208521,0.28545429806639605,0.06803723239121018,train
65,0.006689,2.358695,1.30699,0.008025,9.467514,0.344166,153.566409,2.3e-05,0.000535,0.0001,0.0008,0.0001,0.3826,0.40696979207200734,0.06403680050208521,0.28545429806639605,0.06803723239121018,train
66,0.006689,2.358695,1.30699,0.008025,9.467514,0.344166,153.566409,2.3e-05,0.000535,0.0001,0.0008,0.0001,0.3809,0.40696979207200734,0.06403680050208521,0.28545429806639605,0.06803723239121018,train
67,0.001434,0.089205,6.047767,0.039952,7.577229,4.715166,47.895483,6e-06,0.00263,0.0001,0.0008,0.0001,0.232,0.21888771374899882,0.06344814596202257,0.2005195252138313,0.06646917861923324,train
68,0.001434,0.089205,6.047767,0.039952,7.577229,4.715166,47.895483,6e-06,0.00263,0.0001,0.0008,0.0001,0.235,0.21888771374899882,0.06344814596202257,0.2005195252138313,0.06646917861923324,train
69,0.002166,2.410881,3.296974,0.001977,7.661746,1.344683,17.89684,1.9e-05,0.002993,0.0001,0.0008,0.0001,0.1977,0.2371536802827191,0.06353203416416657,0.2551470290775759,0.09806949583235086,train
70,0.002166,2.410881,3.296974,0.001977,7.661746,1.344683,17.89684,1.9e-05,0.002993,0.0001,0.0008,0.0001,0.209,0.2371536802827191,0.06353203416416657,0.2551470290775759,0.09806949583235086,train
71,0.002166,2.410881,3.296974,0.001977,7.661746,1.344683,17.89684,1.9e-05,0.002993,0.0001,0.0008,0.0001,0.2171,0.2371536802827191,0.06353203416416657,0.2551470290775759,0.09806949583235086,train
72,0.023218,1.833869,4.043351,0.048299,6.919004,0.113379,6.267644,9.3e-05,0.00094,0.0001,0.0008,0.0001,0.2123,0.23399418141859146,0.06347163072528149,0.24410703675533005,0.06430248916646217,train
73,0.023218,1.833869,4.043351,0.048299,6.919004,0.113379,6.267644,9.3e-05,0.00094,0.0001,0.0008,0.0001,0.2296,0.23399418141859146,0.06347163072528149,0.24410703675533005,0.06430248916646217,train
74,0.023218,1.833869,4.043351,0.048299,6.919004,0.113379,6.267644,9.3e-05,0.00094,0.0001,0.0008,0.0001,0.2258,0.23399418141859146,0.06347163072528149,0.24410703675533005,0.06430248916646217,train
75,0.016874,0.857309,1.047441,0.001424,11.39946,0.460671,24.761139,0.000163,0.000206,0.0001,0.0008,0.0001,0.2389,0.293144805401614,0.06343578668787994,0.27015341922570235,0.08573570220420329,train
76,0.016874,0.857309,1.047441,0.001424,11.39946,0.460671,24.761139,0.000163,0.000206,0.0001,0.0008,0.0001,0.3523,0.293144805401614,0.06343578668787994,0.27015341922570235,0.08573570220420329,train
77,0.016874,0.857309,1.047441,0.001424,11.39946,0.460671,24.761139,0.000163,0.000206,0.0001,0.0008,0.0001,0.3565,0.293144805401614,0.06343578668787994,0.27015341922570235,0.08573570220420329,train
78,0.000541,0.059159,0.958734,0.078792,8.342812,0.223877,37.097691,0.000175,0.00017,0.0001,0.0008,0.0001,0.2015,0.23173420551345889,0.06349746760630172,0.2949270895056324,0.06441953869300503,train
79,0.000541,0.059159,0.958734,0.078792,8.342812,0.223877,37.097691,0.000175,0.00017,0.0001,0.0008,0.0001,0.1798,0.23173420551345889,0.06349746760630172,0.2949270895056324,0.06441953869300503,train
80,0.000541,0.059159,0.958734,0.078792,8.342812,0.223877,37.097691,0.000175,0.00017,0.0001,0.0008,0.0001,0.2239,0.23173420551345889,0.06349746760630172,0.2949270895056324,0.06441953869300503,train
81,0.014423,2.144712,0.277507,0.00658,9.744104,4.010952,123.800176,1.6e-05,6.8e-05,0.0001,0.0008,0.0001,0.1379,0.14147804620430526,0.06346666587543609,0.2742791835878042,0.0652868023834448,train
82,0.014423,2.144712,0.277507,0.00658,9.744104,4.010952,123.800176,1.6e-05,6.8e-05,0.0001,0.0008,0.0001,0.1209,0.14147804620430526,0.06346666587543609,0.2742791835878042,0.0652868023834448,train
83,0.014423,2.144712,0.277507,0.00658,9.744104,4.010952,123.800176,1.6e-05,6.8e-05,0.0001,0.0008,0.0001,0.1227,0.14147804620430526,0.06346666587543609,0.2742791835878042,0.0652868023834448,train
84,0.001315,1.641906,2.76205,0.031787,13.428046,0.516091,251.160635,0.000222,0.000123,0.0001,0.0008,0.0001,0.4687,0.46071122004618553,0.06344278105402297,0.4381447446753628,0.06609086135548586,train
85,0.001315,1.641906,2.76205,0.031787,13.428046,0.516091,251.160635,0.000222,0.000123,0.0001,0.0008,0.0001,0.456,0.46071122004618553,0.06344278105402297,0.4381447446753628,0.06609086135548586,train
86,0.001315,1.641906,2.76205,0.031787,13.428046,0.516091,251.160635,0.000222,0.000123,0.0001,0.0008,0.0001,0.4596,0.46071122004618553,0.06344278105402297,0.4381447446753628,0.06609086135548586,train
87,0.00435,0.316635,1.373984,0.009343,9.152222,0.515452,52.58102,3.1e-05,0.000325,0.0001,0.0008,0.0001,0.2537,0.2746725745767279,0.06342562377914979,0.2743255271675109,0.06229466261109801,standard
88,0.00435,0.316635,1.373984,0.009343,9.152222,0.515452,52.58102,3.1e-05,0.000325,0.0001,0.0008,0.0001,0.2794,0.2746725745767279,0.06342562377914979,0.2743255271675109,0.06229466261109801,standard
89,0.002768,0.29569,11.653411,0.01511,13.297119,0.451467,427.961444,2.8e-05,0.003668,0.004136,0.012464,0.001219,0.5093,0.4761799271242873,0.06344328841700518,0.4744023552279465,0.0623241490603601,train
90,0.002768,0.29569,11.653411,0.01511,13.297119,0.451467,427.961444,2.8e-05,0.003668,0.004136,0.012464,0.001219,0.4785,0.4761799271242873,0.06344328841700518,0.4744023552279465,0.0623241490603601,train
91,0.002768,0.29569,11.653411,0.01511,13.297119,0.451467,427.961444,2.8e-05,0.003668,0.004136,0.012464,0.001219,0.4685,0.4761799271242873,0.06344328841700518,0.4744023552279465,0.0623241490603601,train
92,0.000592,0.231622,11.606334,0.002167,13.520238,0.474551,378.398033,0.000531,0.005309,0.003655,0.009306,0.00041,0.4378,0.46524746712810355,0.06351851251407463,0.4648721228352287,0.06448481798564608,train
93,0.000592,0.231622,11.606334,0.002167,13.520238,0.474551,378.398033,0.000531,0.005309,0.003655,0.009306,0.00041,0.4529,0.46524746712810355,0.06351851251407463,0.4648721228352287,0.06448481798564608,train
94,0.011245,0.383651,11.84289,0.0039,16.703398,0.336866,394.461806,0.000363,0.005283,0.004518,0.007648,0.000155,0.4577,0.468152317125615,0.06349210707419488,0.45935367911821307,0.061167077171233486,train
95,0.011245,0.383651,11.84289,0.0039,16.703398,0.336866,394.461806,0.000363,0.005283,0.004518,0.007648,0.000155,0.436,0.468152317125615,0.06349210707419488,0.45935367911821307,0.061167077171233486,train
96,0.011245,0.383651,11.84289,0.0039,16.703398,0.336866,394.461806,0.000363,0.005283,0.004518,0.007648,0.000155,0.4571,0.468152317125615,0.06349210707419488,0.45935367911821307,0.061167077171233486,train
97,0.020379,0.401176,9.667337,0.001828,17.325292,0.190489,392.402862,3e-05,0.004229,0.002831,0.005243,0.000487,0.455,0.4710176075649352,0.06346162184111154,0.4595834120044623,0.06758153240032075,train
98,0.020379,0.401176,9.667337,0.001828,17.325292,0.190489,392.402862,3e-05,0.004229,0.002831,0.005243,0.000487,0.4628,0.4710176075649352,0.06346162184111154,0.4595834120044623,0.06758153240032075,train
99,0.020379,0.401176,9.667337,0.001828,17.325292,0.190489,392.402862,3e-05,0.004229,0.002831,0.005243,0.000487,0.4836,0.4710176075649352,0.06346162184111154,0.4595834120044623,0.06758153240032075,train
100,0.013112,0.683223,2.519443,0.038904,11.461054,0.473881,357.594336,2.3e-05,0.000598,0.003273,0.004395,0.000531,0.4129,0.480619593523562,0.06340287415050554,0.4846661199092551,0.06636105548337362,train
101,0.013112,0.683223,2.519443,0.038904,11.461054,0.473881,357.594336,2.3e-05,0.000598,0.003273,0.004395,0.000531,0.5492,0.480619593523562,0.06340287415050554,0.4846661199092551,0.06636105548337362,train
102,0.01178,0.484447,2.013603,0.046438,12.007063,0.445981,358.139522,3.9e-05,0.001002,0.002718,0.002788,0.001486,0.4325,0.47739888997950053,0.06339670797602984,0.4783810292292002,0.06735148326568537,train
103,0.01178,0.484447,2.013603,0.046438,12.007063,0.445981,358.139522,3.9e-05,0.001002,0.002718,0.002788,0.001486,0.5383,0.47739888997950053,0.06339670797602984,0.4783810292292002,0.06735148326568537,train
104,0.01178,0.484447,2.013603,0.046438,12.007063,0.445981,358.139522,3.9e-05,0.001002,0.002718,0.002788,0.001486,0.4512,0.47739888997950053,0.06339670797602984,0.4783810292292002,0.06735148326568537,train
105,0.010452,0.682172,2.590805,0.034952,11.332043,0.470517,378.769046,2.4e-05,0.001005,0.00391,0.008488,0.001546,0.4275,0.4875295495700492,0.06347811718821944,0.46684537604893295,0.061363658717425225,train
106,0.010452,0.682172,2.590805,0.034952,11.332043,0.470517,378.769046,2.4e-05,0.001005,0.00391,0.008488,0.001546,0.5566,0.4875295495700492,0.06347811718821944,0.46684537604893295,0.061363658717425225,train
107,0.010452,0.682172,2.590805,0.034952,11.332043,0.470517,378.769046,2.4e-05,0.001005,0.00391,0.008488,0.001546,0.586,0.4875295495700492,0.06347811718821944,0.46684537604893295,0.061363658717425225,train
108,0.011408,0.724763,3.111455,0.050026,11.646532,0.449883,313.438848,2.8e-05,0.000923,0.005971,0.003014,0.001872,0.4518,0.4682037573128752,0.06346814773374625,0.4522481606000881,0.06337734281182575,train
109,0.011408,0.724763,3.111455,0.050026,11.646532,0.449883,313.438848,2.8e-05,0.000923,0.005971,0.003014,0.001872,0.4377,0.4682037573128752,0.06346814773374625,0.4522481606000881,0.06337734281182575,train
110,0.011408,0.724763,3.111455,0.050026,11.646532,0.449883,313.438848,2.8e-05,0.000923,0.005971,0.003014,0.001872,0.4634,0.4682037573128752,0.06346814773374625,0.4522481606000881,0.06337734281182575,train
111,0.002039,0.306612,11.755484,0.013897,13.529082,0.460584,517.597679,4.3e-05,0.004579,0.002872,0.012345,0.001194,0.4412,0.46848213443064324,0.06346956163996338,0.4647417720295001,0.06741103535464928,train
112,0.002039,0.306612,11.755484,0.013897,13.529082,0.460584,517.597679,4.3e-05,0.004579,0.002872,0.012345,0.001194,0.4584,0.46848213443064324,0.06346956163996338,0.4647417720295001,0.06741103535464928,train
113,0.002039,0.306612,11.755484,0.013897,13.529082,0.460584,517.597679,4.3e-05,0.004579,0.002872,0.012345,0.001194,0.4581,0.46848213443064324,0.06346956163996338,0.4647417720295001,0.06741103535464928,train
114,0.011245,0.383651,11.84289,0.0039,16.703398,0.336866,394.461806,0.000535,0.005284,0.004519,0.007648,0.000159,0.4278,0.4655658650753266,0.06351714938758761,0.4633623405776627,0.06421431712106654,train
115,0.011245,0.383651,11.84289,0.0039,16.703398,0.336866,394.461806,0.000535,0.005284,0.004519,0.007648,0.000159,0.4591,0.4655658650753266,0.06351714938758761,0.4633623405776627,0.06421431712106654,train
116,0.011245,0.383651,11.84289,0.0039,16.703398,0.336866,394.461806,0.000535,0.005284,0.004519,0.007648,0.000159,0.4626,0.4655658650753266,0.06351714938758761,0.4633623405776627,0.06421431712106654,train
117,0.011246,0.38365,11.84289,0.003892,16.703398,0.336866,394.461806,0.000361,0.005282,0.004517,0.006113,0.000138,0.4583,0.46872075135236846,0.06348349759096875,0.4582455553339582,0.06117670213087653,train
118,0.011246,0.38365,11.84289,0.003892,16.703398,0.336866,394.461806,0.000361,0.005282,0.004517,0.006113,0.000138,0.4677,0.46872075135236846,0.06348349759096875,0.4582455553339582,0.06117670213087653,train
119,0.012211,0.908271,2.963284,0.03781,10.605157,0.489014,356.912931,4.5e-05,0.00079,0.002844,0.012312,0.000257,0.508,0.4718185174797853,0.06344013983078106,0.48117760992147923,0.07202418738254977,train
120,0.012211,0.908271,2.963284,0.03781,10.605157,0.489014,356.912931,4.5e-05,0.00079,0.002844,0.012312,0.000257,0.4213,0.4718185174797853,0.06344013983078106,0.48117760992147923,0.07202418738254977,train
121,0.012211,0.908271,2.963284,0.03781,10.605157,0.489014,356.912931,4.5e-05,0.00079,0.002844,0.012312,0.000257,0.4187,0.4718185174797853,0.06344013983078106,0.48117760992147923,0.07202418738254977,train
122,0.013211,0.681831,2.611117,0.038911,11.845338,0.475419,357.591427,2.8e-05,0.000645,0.003254,0.004387,0.000543,0.53,0.4844782260900264,0.06343694862635094,0.48431812069179836,0.06639191877809045,train
123,0.013211,0.681831,2.611117,0.038911,11.845338,0.475419,357.591427,2.8e-05,0.000645,0.003254,0.004387,0.000543,0.5492,0.4844782260900264,0.06343694862635094,0.48431812069179836,0.06639191877809045,train
124,0.013211,0.681831,2.611117,0.038911,11.845338,0.475419,357.591427,2.8e-05,0.000645,0.003254,0.004387,0.000543,0.45,0.4844782260900264,0.06343694862635094,0.48431812069179836,0.06639191877809045,train
125,0.011976,0.710597,2.655052,0.048063,11.081762,0.457352,403.495641,3.8e-05,0.000424,0.000995,0.013831,0.00017,0.5099,0.47794019010824607,0.06342418686291375,0.48030266728129956,0.07217683190150197,train
126,0.011976,0.710597,2.655052,0.048063,11.081762,0.457352,403.495641,3.8e-05,0.000424,0.000995,0.013831,0.00017,0.5472,0.47794019010824607,0.06342418686291375,0.48030266728129956,0.07217683190150197,train
127,0.011976,0.710597,2.655052,0.048063,11.081762,0.457352,403.495641,3.8e-05,0.000424,0.000995,0.013831,0.00017,0.4132,0.47794019010824607,0.06342418686291375,0.48030266728129956,0.07217683190150197,train
128,0.012305,0.795866,2.123382,0.049167,10.839289,0.510871,386.600976,2.2e-05,0.000946,0.001125,0.013717,0.001156,0.4094,0.4744209723069307,0.06339974421375832,0.4798108803049713,0.0644599524920115,train
129,0.012305,0.795866,2.123382,0.049167,10.839289,0.510871,386.600976,2.2e-05,0.000946,0.001125,0.013717,0.001156,0.5667,0.4744209723069307,0.06339974421375832,0.4798108803049713,0.0644599524920115,train
130,0.012305,0.795866,2.123382,0.049167,10.839289,0.510871,386.600976,2.2e-05,0.000946,0.001125,0.013717,0.001156,0.428,0.4744209723069307,0.06339974421375832,0.4798108803049713,0.0644599524920115,train
131,0.00409,0.3158,1.395181,0.009462,9.766629,0.543018,52.665395,3e-05,0.000309,0.000103,0.000764,0.000106,0.2499,0.2753411661646502,0.06342321218186577,0.2852486683923096,0.09791922302253928,standard
132,0.00409,0.3158,1.395181,0.009462,9.766629,0.543018,52.665395,3e-05,0.000309,0.000103,0.000764,0.000106,0.2753,0.2753411661646502,0.06342321218186577,0.2852486683923096,0.09791922302253928,standard
133,0.00409,0.3158,1.395181,0.009462,9.766629,0.543018,52.665395,3e-05,0.000309,0.000103,0.000764,0.000106,0.2692,0.2753411661646502,0.06342321218186577,0.2852486683923096,0.09791922302253928,standard
134,0.045186,0.590637,4.413947,0.023892,47.480272,0.033098,651.233703,0.000541,0.00301,0.000536,0.007166,0.001252,0.0074,0.007855634378665936,0.06347660968955704,0.3107433512268336,0.06266769049606787,train
135,0.045186,0.590637,4.413947,0.023892,47.480272,0.033098,651.233703,0.000541,0.00301,0.000536,0.007166,0.001252,0.0032,0.007855634378665936,0.06347660968955704,0.3107433512268336,0.06266769049606787,train
136,0.045186,0.590637,4.413947,0.023892,47.480272,0.033098,651.233703,0.000541,0.00301,0.000536,0.007166,0.001252,0.003,0.007855634378665936,0.06347660968955704,0.3107433512268336,0.06266769049606787,train
137,0.060521,0.21361,4.231752,0.022273,31.848979,0.492975,782.078648,0.000481,0.003856,0.000222,0.007487,0.001706,0.0395,0.03840423099207628,0.06349428538843262,0.07937917674982563,0.11505455626656315,train
138,0.060521,0.21361,4.231752,0.022273,31.848979,0.492975,782.078648,0.000481,0.003856,0.000222,0.007487,0.001706,0.0352,0.03840423099207628,0.06349428538843262,0.07937917674982563,0.11505455626656315,train
139,0.030435,0.573867,4.605107,0.075394,39.729834,0.288319,527.577417,0.000533,0.001293,0.000479,0.005522,0.001418,0.446,0.459480412334784,0.06360599092902451,0.35323315069130046,0.09919583040236318,train
140,0.030435,0.573867,4.605107,0.075394,39.729834,0.288319,527.577417,0.000533,0.001293,0.000479,0.005522,0.001418,0.4259,0.459480412334784,0.06360599092902451,0.35323315069130046,0.09919583040236318,train
141,0.030435,0.573867,4.605107,0.075394,39.729834,0.288319,527.577417,0.000533,0.001293,0.000479,0.005522,0.001418,0.4272,0.459480412334784,0.06360599092902451,0.35323315069130046,0.09919583040236318,train
142,0.008666,0.674731,4.101003,0.044203,10.293334,0.26373,496.593169,0.000175,0.00141,0.0001,0.006292,0.000207,0.4598,0.4723002892279373,0.06350934591533672,0.48545255706978524,0.0664060065964905,train
143,0.008666,0.674731,4.101003,0.044203,10.293334,0.26373,496.593169,0.000175,0.00141,0.0001,0.006292,0.000207,0.4253,0.4723002892279373,0.06350934591533672,0.48545255706978524,0.0664060065964905,train
144,0.008666,0.674731,4.101003,0.044203,10.293334,0.26373,496.593169,0.000175,0.00141,0.0001,0.006292,0.000207,0.4348,0.4723002892279373,0.06350934591533672,0.48545255706978524,0.0664060065964905,train
145,0.011664,0.400558,4.712679,0.043881,10.689284,0.285026,497.991592,0.000153,0.001605,0.000463,0.003221,0.000783,0.4388,0.47363496786410064,0.06357308240392376,0.48242597448914065,0.06445932477782645,train
146,0.011664,0.400558,4.712679,0.043881,10.689284,0.285026,497.991592,0.000153,0.001605,0.000463,0.003221,0.000783,0.4284,0.47363496786410064,0.06357308240392376,0.48242597448914065,0.06445932477782645,train
147,0.004231,0.59161,5.083742,0.045033,10.083175,0.876155,455.774052,0.000211,0.002533,0.000212,0.001691,0.000314,0.4341,0.4683443098743204,0.06357462119713253,0.4889174964167645,0.09781228891271197,train
148,0.004231,0.59161,5.083742,0.045033,10.083175,0.876155,455.774052,0.000211,0.002533,0.000212,0.001691,0.000314,0.419,0.4683443098743204,0.06357462119713253,0.4889174964167645,0.09781228891271197,train
149,0.004231,0.59161,5.083742,0.045033,10.083175,0.876155,455.774052,0.000211,0.002533,0.000212,0.001691,0.000314,0.4161,0.4683443098743204,0.06357462119713253,0.4889174964167645,0.09781228891271197,train
150,0.014451,0.668507,4.284171,0.057786,11.409408,0.947277,444.830901,0.000171,0.001862,0.00048,0.00066,0.00076,0.5887,0.5001389134678054,0.0638792527524621,0.4871285788047642,0.0674149834237012,train
151,0.014451,0.668507,4.284171,0.057786,11.409408,0.947277,444.830901,0.000171,0.001862,0.00048,0.00066,0.00076,0.5741,0.5001389134678054,0.0638792527524621,0.4871285788047642,0.0674149834237012,train
152,0.014451,0.668507,4.284171,0.057786,11.409408,0.947277,444.830901,0.000171,0.001862,0.00048,0.00066,0.00076,0.5671,0.5001389134678054,0.0638792527524621,0.4871285788047642,0.0674149834237012,train
153,0.009422,0.765774,3.926741,0.037959,12.684376,0.416545,460.648365,0.000129,0.002407,0.000314,0.011054,0.000472,0.4413,0.4682707095889474,0.06347522996895104,0.46752128257597236,0.06413500643089251,train
154,0.009422,0.765774,3.926741,0.037959,12.684376,0.416545,460.648365,0.000129,0.002407,0.000314,0.011054,0.000472,0.435,0.4682707095889474,0.06347522996895104,0.46752128257597236,0.06413500643089251,train
155,0.009422,0.765774,3.926741,0.037959,12.684376,0.416545,460.648365,0.000129,0.002407,0.000314,0.011054,0.000472,0.4432,0.4682707095889474,0.06347522996895104,0.46752128257597236,0.06413500643089251,train
156,0.034717,0.641054,4.219546,0.022366,40.901081,0.156846,719.688474,0.000335,0.003982,0.000275,0.008757,0.00069,0.0005,0.006140351109604026,0.06347668479424513,0.2295159035070008,0.06296201930288955,train
157,0.034717,0.641054,4.219546,0.022366,40.901081,0.156846,719.688474,0.000335,0.003982,0.000275,0.008757,0.00069,0.0009,0.006140351109604026,0.06347668479424513,0.2295159035070008,0.06296201930288955,train
158,0.034717,0.641054,4.219546,0.022366,40.901081,0.156846,719.688474,0.000335,0.003982,0.000275,0.008757,0.00069,0.0005,0.006140351109604026,0.06347668479424513,0.2295159035070008,0.06296201930288955,train
159,0.031501,0.312703,4.210275,0.067582,44.136699,0.320089,472.095944,0.000427,0.000882,0.000137,0.012223,0.000856,0.4207,0.460183991368862,0.06358996054624101,0.3644184656973741,0.08752728582552508,train
160,0.031501,0.312703,4.210275,0.067582,44.136699,0.320089,472.095944,0.000427,0.000882,0.000137,0.012223,0.000856,0.429,0.460183991368862,0.06358996054624101,0.3644184656973741,0.08752728582552508,train
161,0.031501,0.312703,4.210275,0.067582,44.136699,0.320089,472.095944,0.000427,0.000882,0.000137,0.012223,0.000856,0.4528,0.460183991368862,0.06358996054624101,0.3644184656973741,0.08752728582552508,train
162,0.006421,0.673537,4.557756,0.054778,9.943405,0.249469,458.885336,0.000175,0.001855,0.00026,0.002031,0.000254,0.4883,0.4826910519918477,0.0634502000705534,0.4822399614334537,0.0720391439337727,train
163,0.006421,0.673537,4.557756,0.054778,9.943405,0.249469,458.885336,0.000175,0.001855,0.00026,0.002031,0.000254,0.486,0.4826910519918477,0.0634502000705534,0.4822399614334537,0.0720391439337727,train
164,0.008666,0.674731,4.275314,0.055751,10.293334,0.128261,449.824314,0.000142,0.001889,0.000466,0.006292,0.000207,0.4641,0.48060384906018455,0.06342084759704016,0.4762361935944378,0.06408628214049797,train
165,0.008666,0.674731,4.275314,0.055751,10.293334,0.128261,449.824314,0.000142,0.001889,0.000466,0.006292,0.000207,0.4942,0.48060384906018455,0.06342084759704016,0.4762361935944378,0.06408628214049797,train
166,0.008666,0.674731,4.275314,0.055751,10.293334,0.128261,449.824314,0.000142,0.001889,0.000466,0.006292,0.000207,0.4952,0.48060384906018455,0.06342084759704016,0.4762361935944378,0.06408628214049797,train
167,0.00543,0.248592,4.194682,0.05171,10.086137,0.239106,445.886624,0.000157,0.000849,0.000281,0.010667,0.000638,0.4311,0.47074789819443275,0.06345530688162818,0.476261760419042,0.07200161164660293,train
168,0.00543,0.248592,4.194682,0.05171,10.086137,0.239106,445.886624,0.000157,0.000849,0.000281,0.010667,0.000638,0.4665,0.47074789819443275,0.06345530688162818,0.476261760419042,0.07200161164660293,train
169,0.00543,0.248592,4.194682,0.05171,10.086137,0.239106,445.886624,0.000157,0.000849,0.000281,0.010667,0.000638,0.4549,0.47074789819443275,0.06345530688162818,0.476261760419042,0.07200161164660293,train
170,0.01272,0.762141,6.489701,0.050776,10.564076,0.891038,456.485818,0.00017,0.00199,5.9e-05,0.003392,0.000252,0.4032,0.46745974786728556,0.06356058028977403,0.4836435176089853,0.06637379723751766,train
171,0.01272,0.762141,6.489701,0.050776,10.564076,0.891038,456.485818,0.00017,0.00199,5.9e-05,0.003392,0.000252,0.4282,0.46745974786728556,0.06356058028977403,0.4836435176089853,0.06637379723751766,train
172,0.01272,0.762141,6.489701,0.050776,10.564076,0.891038,456.485818,0.00017,0.00199,5.9e-05,0.003392,0.000252,0.4465,0.46745974786728556,0.06356058028977403,0.4836435176089853,0.06637379723751766,train
173,0.017924,0.690362,3.544519,0.057062,11.180931,0.886672,492.15367,0.000229,0.002112,0.000474,0.002997,0.000219,0.594,0.5045054990142079,0.06413564445311876,0.4787386871774596,0.06425782906668503,train
174,0.017924,0.690362,3.544519,0.057062,11.180931,0.886672,492.15367,0.000229,0.002112,0.000474,0.002997,0.000219,0.6004,0.5045054990142079,0.06413564445311876,0.4787386871774596,0.06425782906668503,train
175,0.017924,0.690362,3.544519,0.057062,11.180931,0.886672,492.15367,0.000229,0.002112,0.000474,0.002997,0.000219,0.6068,0.5045054990142079,0.06413564445311876,0.4787386871774596,0.06425782906668503,train
176,0.004165,0.287965,1.387221,0.0103,10.109658,0.517059,51.122061,3.1e-05,0.000287,0.000101,0.000851,9.5e-05,0.2427,0.25968657315711513,0.0634772753740994,0.2651484974661607,0.06442462229589475,standard
177,0.004165,0.287965,1.387221,0.0103,10.109658,0.517059,51.122061,3.1e-05,0.000287,0.000101,0.000851,9.5e-05,0.2377,0.25968657315711513,0.0634772753740994,0.2651484974661607,0.06442462229589475,standard
178,0.004165,0.287965,1.387221,0.0103,10.109658,0.517059,51.122061,3.1e-05,0.000287,0.000101,0.000851,9.5e-05,0.2451,0.25968657315711513,0.0634772753740994,0.2651484974661607,0.06442462229589475,standard
